outcome,group,value,percent
owned_land_acres,OBC,0.0,2.815126205828506
owned_land_acres,OBC,0.01,10.772567509595312
owned_land_acres,OBC,0.02,23.973760393785508
owned_land_acres,OBC,0.03,34.30537313615028
owned_land_acres,OBC,0.04,39.677293915456055
owned_land_acres,OBC,0.05,41.15797107613488
owned_land_acres,OBC,0.06,42.9416152106603
owned_land_acres,OBC,0.07,43.20986487596877
owned_land_acres,OBC,0.08,44.68080632567812
owned_land_acres,OBC,0.09,45.08430830107042
owned_land_acres,OBC,0.1,46.0278808961945
owned_land_acres,OBC,0.11,46.62465539673975
owned_land_acres,OBC,0.12,47.088643181680645
owned_land_acres,OBC,0.13,47.110183097760164
owned_land_acres,OBC,0.14,47.54769160911472
owned_land_acres,OBC,0.15,48.071867323893045
owned_land_acres,OBC,0.16,49.103837874356834
owned_land_acres,OBC,0.17,49.687894490487835
owned_land_acres,OBC,0.18,50.114299658136865
owned_land_acres,OBC,0.19,50.52129548481052
owned_land_acres,OBC,0.2,50.88213411506957
owned_land_acres,OBC,0.21,51.54316219508227
owned_land_acres,OBC,0.22,52.55975627109544
owned_land_acres,OBC,0.23,53.04514565137245
owned_land_acres,OBC,0.24,53.368381515254946
owned_land_acres,OBC,0.25,53.70372926621608
owned_land_acres,OBC,0.26,54.178537000709504
owned_land_acres,OBC,0.27,55.14653083102059
owned_land_acres,OBC,0.28,55.39363757167447
owned_land_acres,OBC,0.29,55.59580913067032
owned_land_acres,OBC,0.3,56.32112063257859
owned_land_acres,OBC,0.31,56.56844520117481
owned_land_acres,OBC,0.32,57.27080537085111
owned_land_acres,OBC,0.33,58.000652921830934
owned_land_acres,OBC,0.34,58.59173045928587
owned_land_acres,OBC,0.35,59.015853007927
owned_land_acres,OBC,0.36,59.32265821903183
owned_land_acres,OBC,0.37,59.97335798715792
owned_land_acres,OBC,0.38,60.83240963757424
owned_land_acres,OBC,0.39,60.97469757236812
owned_land_acres,OBC,0.4,61.402611852001776
owned_land_acres,OBC,0.41,61.52182309458284
owned_land_acres,OBC,0.42,61.96227446143857
owned_land_acres,OBC,0.43,62.5747873575607
owned_land_acres,OBC,0.44,63.183813372895635
owned_land_acres,OBC,0.45,63.561553055373864
owned_land_acres,OBC,0.46,64.18520730617746
owned_land_acres,OBC,0.47,64.8502020330204
owned_land_acres,OBC,0.48,65.30303866102244
owned_land_acres,OBC,0.49,65.75624766589192
owned_land_acres,OBC,0.5,66.25244697563612
owned_land_acres,OBC,0.51,66.5059293223347
owned_land_acres,OBC,0.52,66.83369099737547
owned_land_acres,OBC,0.53,67.36809210033768
owned_land_acres,OBC,0.54,67.83615021820938
owned_land_acres,OBC,0.55,68.70386390566733
owned_land_acres,OBC,0.56,69.5038642524494
owned_land_acres,OBC,0.57,70.29834080935535
owned_land_acres,OBC,0.58,70.7820195868011
owned_land_acres,OBC,0.59,71.40916126296175
owned_land_acres,OBC,0.6,72.32837753562566
owned_land_acres,OBC,0.61,72.43385527101127
owned_land_acres,OBC,0.62,72.92697362233883
owned_land_acres,OBC,0.63,73.22891397309316
owned_land_acres,OBC,0.64,74.12568318521161
owned_land_acres,OBC,0.65,74.54399070801765
owned_land_acres,OBC,0.66,74.90038445019903
owned_land_acres,OBC,0.67,75.06974894279718
owned_land_acres,OBC,0.68,75.20174265577741
owned_land_acres,OBC,0.69,75.30958295302578
owned_land_acres,OBC,0.7,75.42289879126105
owned_land_acres,OBC,0.71,75.61481337702138
owned_land_acres,OBC,0.72,76.26887401247001
owned_land_acres,OBC,0.73,76.71348262560558
owned_land_acres,OBC,0.74,77.05904530900935
owned_land_acres,OBC,0.75,77.47120387574472
owned_land_acres,OBC,0.76,77.54640080429405
owned_land_acres,OBC,0.77,77.6694055204912
owned_land_acres,OBC,0.78,78.01523155787726
owned_land_acres,OBC,0.79,78.3127137330494
owned_land_acres,OBC,0.8,78.53553015310963
owned_land_acres,OBC,0.81,78.80668596991099
owned_land_acres,OBC,0.82,78.9132907470703
owned_land_acres,OBC,0.83,79.08987841423686
owned_land_acres,OBC,0.84,79.62666756493107
owned_land_acres,OBC,0.85,79.66246976553613
owned_land_acres,OBC,0.86,80.11372452702079
owned_land_acres,OBC,0.87,80.18125097132209
owned_land_acres,OBC,0.88,80.23420635998957
owned_land_acres,OBC,0.89,80.55509316734175
owned_land_acres,OBC,0.9,80.73700444050542
owned_land_acres,OBC,0.91,80.84335348766044
owned_land_acres,OBC,0.92,80.98092141768541
owned_land_acres,OBC,0.93,81.0669797920103
owned_land_acres,OBC,0.94,81.57656669817754
owned_land_acres,OBC,0.95,81.66011602134843
owned_land_acres,OBC,0.96,82.06128484165018
owned_land_acres,OBC,0.97,82.55841460345015
owned_land_acres,OBC,0.98,82.75266615628999
owned_land_acres,OBC,0.99,82.88230101048248
owned_land_acres,OBC,1.0,82.99922974296962
owned_land_acres,OBC,1.01,83.11122271211097
owned_land_acres,OBC,1.02,83.16296632393517
owned_land_acres,OBC,1.03,83.63086717003246
owned_land_acres,OBC,1.04,84.00121812870609
owned_land_acres,OBC,1.05,84.31981207913705
owned_land_acres,OBC,1.06,84.45056057868483
owned_land_acres,OBC,1.07,84.58055495789617
owned_land_acres,OBC,1.08,84.69819163119594
owned_land_acres,OBC,1.09,84.89860782371838
owned_land_acres,OBC,1.1,84.9111425148331
owned_land_acres,OBC,1.11,84.91267820182668
owned_land_acres,OBC,1.12,84.985419120326
owned_land_acres,OBC,1.13,85.04259165795744
owned_land_acres,OBC,1.14,85.33012454186265
owned_land_acres,OBC,1.15,85.38535089574316
owned_land_acres,OBC,1.16,85.53375718178185
owned_land_acres,OBC,1.17,85.53764541055284
owned_land_acres,OBC,1.18,85.5619949803468
owned_land_acres,OBC,1.19,85.57199056005147
owned_land_acres,OBC,1.2,85.66376147216455
owned_land_acres,OBC,1.21,85.67771335187221
owned_land_acres,OBC,1.22,85.74089608917508
owned_land_acres,OBC,1.23,85.89272270956457
owned_land_acres,OBC,1.24,86.05815845739444
owned_land_acres,OBC,1.25,86.05836179977862
owned_land_acres,OBC,1.26,86.53160509399008
owned_land_acres,OBC,1.27,86.96539125255173
owned_land_acres,OBC,1.28,87.26647303447123
owned_land_acres,OBC,1.29,87.55728695175813
owned_land_acres,OBC,1.3,87.73549199139664
owned_land_acres,OBC,1.31,87.77456161113697
owned_land_acres,OBC,1.33,87.85050601627049
owned_land_acres,OBC,1.34,87.91293278169941
owned_land_acres,OBC,1.35,87.98862341728011
owned_land_acres,OBC,1.36,88.00946955136322
owned_land_acres,OBC,1.37,88.01271518770429
owned_land_acres,OBC,1.38,88.12687107939922
owned_land_acres,OBC,1.39,88.13048854803787
owned_land_acres,OBC,1.4,88.1635986131034
owned_land_acres,OBC,1.41,88.39710472160665
owned_land_acres,OBC,1.42,88.74902482242196
owned_land_acres,OBC,1.43,88.87546991314062
owned_land_acres,OBC,1.44,89.127196022054
owned_land_acres,OBC,1.45,89.2457080369401
owned_land_acres,OBC,1.46,89.2590881182991
owned_land_acres,OBC,1.47,89.27973003868628
owned_land_acres,OBC,1.48,89.33834220118872
owned_land_acres,OBC,1.49,89.3530493992865
owned_land_acres,OBC,1.5,89.38510060272425
owned_land_acres,OBC,1.51,89.57531340768496
owned_land_acres,OBC,1.52,89.61860943407679
owned_land_acres,OBC,1.53,89.81336667448481
owned_land_acres,OBC,1.54,89.92093512246112
owned_land_acres,OBC,1.55,90.05114242848609
owned_land_acres,OBC,1.56,90.13656234911194
owned_land_acres,OBC,1.57,90.22092166548649
owned_land_acres,OBC,1.58,90.3813728565115
owned_land_acres,OBC,1.59,90.64581565178543
owned_land_acres,OBC,1.6,90.65740300917885
owned_land_acres,OBC,1.61,90.6766617221321
owned_land_acres,OBC,1.62,90.7724439358036
owned_land_acres,OBC,1.63,90.78061792934037
owned_land_acres,OBC,1.64,90.78138490152539
owned_land_acres,OBC,1.65,90.81645008128747
owned_land_acres,OBC,1.66,90.93548379409552
owned_land_acres,OBC,1.67,90.98193015710359
owned_land_acres,OBC,1.68,91.0055427060546
owned_land_acres,OBC,1.7,91.08922708254977
owned_land_acres,OBC,1.71,91.0955364689
owned_land_acres,OBC,1.73,91.09710483008493
owned_land_acres,OBC,1.74,91.10158936284812
owned_land_acres,OBC,1.76,91.13418731442117
owned_land_acres,OBC,1.77,91.21181574737702
owned_land_acres,OBC,1.78,91.34337347773062
owned_land_acres,OBC,1.79,91.51401171922167
owned_land_acres,OBC,1.8,91.61198985638002
owned_land_acres,OBC,1.82,91.6628417895222
owned_land_acres,OBC,1.83,91.84417810583204
owned_land_acres,OBC,1.84,91.9901759772261
owned_land_acres,OBC,1.85,92.07062528203541
owned_land_acres,OBC,1.86,92.30748049515233
owned_land_acres,OBC,1.87,92.31002908207785
owned_land_acres,OBC,1.89,92.71277835301535
owned_land_acres,OBC,1.9,92.73263881565933
owned_land_acres,OBC,1.91,92.74273786363665
owned_land_acres,OBC,1.92,92.75402494521155
owned_land_acres,OBC,1.93,92.80324099050667
owned_land_acres,OBC,1.94,92.86661258463555
owned_land_acres,OBC,1.95,92.87350280919406
owned_land_acres,OBC,1.96,92.87807719598347
owned_land_acres,OBC,1.97,92.90975841866111
owned_land_acres,OBC,1.98,93.04744746102209
owned_land_acres,OBC,2.0,93.09142637801318
owned_land_acres,OBC,2.02,93.16134370180976
owned_land_acres,OBC,2.03,93.59054436435694
owned_land_acres,OBC,2.04,93.84046740247747
owned_land_acres,OBC,2.05,93.95395423564747
owned_land_acres,OBC,2.06,93.97314171886356
owned_land_acres,OBC,2.07,93.97704955214937
owned_land_acres,OBC,2.08,94.22975719377098
owned_land_acres,OBC,2.09,94.24008038670098
owned_land_acres,OBC,2.1,94.36568172088494
owned_land_acres,OBC,2.11,94.36741345302663
owned_land_acres,OBC,2.12,94.51210566373422
owned_land_acres,OBC,2.13,94.5479900943875
owned_land_acres,OBC,2.14,94.60774574467334
owned_land_acres,OBC,2.15,94.69492048720277
owned_land_acres,OBC,2.18,94.7288126634953
owned_land_acres,OBC,2.19,94.73208008263059
owned_land_acres,OBC,2.2,94.85785448111473
owned_land_acres,OBC,2.21,94.87814243109558
owned_land_acres,OBC,2.22,94.8905513265736
owned_land_acres,OBC,2.23,94.95294084342439
owned_land_acres,OBC,2.24,95.0164082818479
owned_land_acres,OBC,2.25,95.02512684524056
owned_land_acres,OBC,2.26,95.02723977628139
owned_land_acres,OBC,2.27,95.27867671860129
owned_land_acres,OBC,2.28,95.29743170443783
owned_land_acres,OBC,2.29,95.34108442408527
owned_land_acres,OBC,2.3,95.3475495574143
owned_land_acres,OBC,2.31,95.37429970004693
owned_land_acres,OBC,2.32,95.38462289297694
owned_land_acres,OBC,2.33,95.38896856042686
owned_land_acres,OBC,2.35,95.39636926476828
owned_land_acres,OBC,2.36,95.42130511846908
owned_land_acres,OBC,2.4,95.42359231186379
owned_land_acres,OBC,2.41,95.45256342819665
owned_land_acres,OBC,2.42,95.52269857993558
owned_land_acres,OBC,2.43,95.53549597154878
owned_land_acres,OBC,2.44,95.53916364952815
owned_land_acres,OBC,2.45,95.70485447387853
owned_land_acres,OBC,2.46,95.70714166727323
owned_land_acres,OBC,2.47,95.72924575772345
owned_land_acres,OBC,2.48,95.73225178332791
owned_land_acres,OBC,2.49,95.75240217496317
owned_land_acres,OBC,2.5,95.7621078256766
owned_land_acres,OBC,2.51,95.8059620361707
owned_land_acres,OBC,2.52,95.8375353251029
owned_land_acres,OBC,2.53,95.85741757054113
owned_land_acres,OBC,2.54,95.96075242354387
owned_land_acres,OBC,2.55,96.04231537370846
owned_land_acres,OBC,2.56,96.06588718883424
owned_land_acres,OBC,2.57,96.10956985982374
owned_land_acres,OBC,2.58,96.24882726336966
owned_land_acres,OBC,2.59,96.25688145153815
owned_land_acres,OBC,2.6,96.25727354183438
owned_land_acres,OBC,2.61,96.26255314658715
owned_land_acres,OBC,2.62,96.27434580681626
owned_land_acres,OBC,2.63,96.32543375653397
owned_land_acres,OBC,2.64,96.33130421958036
owned_land_acres,OBC,2.65,96.43432322206667
owned_land_acres,OBC,2.66,96.43758247265411
owned_land_acres,OBC,2.67,96.4617668199538
owned_land_acres,OBC,2.68,96.48796520440845
owned_land_acres,OBC,2.69,96.49061181390803
owned_land_acres,OBC,2.7,96.50685088701042
owned_land_acres,OBC,2.71,96.51269139871474
owned_land_acres,OBC,2.73,96.5487637059683
owned_land_acres,OBC,2.74,96.57213664418272
owned_land_acres,OBC,2.75,96.65970619985768
owned_land_acres,OBC,2.76,96.69056152789189
owned_land_acres,OBC,2.77,96.70334258240942
owned_land_acres,OBC,2.78,96.70829816809793
owned_land_acres,OBC,2.79,96.72907350809979
owned_land_acres,OBC,2.8,96.73704056509132
owned_land_acres,OBC,2.81,96.84993261906476
owned_land_acres,OBC,2.82,96.86366667083009
owned_land_acres,OBC,2.83,96.86923217475719
owned_land_acres,OBC,2.84,96.87023146044274
owned_land_acres,OBC,2.85,96.87990846678174
owned_land_acres,OBC,2.86,96.88171099300472
owned_land_acres,OBC,2.88,96.88830573395944
owned_land_acres,OBC,2.89,96.88897283203289
owned_land_acres,OBC,2.91,96.9869954060915
owned_land_acres,OBC,2.92,96.98949498172999
owned_land_acres,OBC,2.93,96.99185841490451
owned_land_acres,OBC,2.94,96.99587189474235
owned_land_acres,OBC,2.95,97.01679699145458
owned_land_acres,OBC,2.97,97.0588650128214
owned_land_acres,OBC,3.0,97.06853657346186
owned_land_acres,OBC,3.01,97.07159977890119
owned_land_acres,OBC,3.02,97.084546055913
owned_land_acres,OBC,3.03,97.13071011390781
owned_land_acres,OBC,3.04,97.17510617140852
owned_land_acres,OBC,3.05,97.21539802373339
owned_land_acres,OBC,3.06,97.23245395161959
owned_land_acres,OBC,3.07,97.2378479160421
owned_land_acres,OBC,3.09,97.2500898464023
owned_land_acres,OBC,3.1,97.28968552062341
owned_land_acres,OBC,3.11,97.2917113204873
owned_land_acres,OBC,3.12,97.31037372944833
owned_land_acres,OBC,3.13,97.36500040300353
owned_land_acres,OBC,3.14,97.39682648126285
owned_land_acres,OBC,3.15,97.44647219217426
owned_land_acres,OBC,3.16,97.50783432353492
owned_land_acres,OBC,3.18,97.52313129078662
owned_land_acres,OBC,3.19,97.576177840448
owned_land_acres,OBC,3.2,97.60458402001237
owned_land_acres,OBC,3.21,97.62489647563673
owned_land_acres,OBC,3.22,97.62658464218997
owned_land_acres,OBC,3.23,97.64471064984296
owned_land_acres,OBC,3.24,97.7713367555817
owned_land_acres,OBC,3.26,97.7806597915144
owned_land_acres,OBC,3.27,97.79061180563062
owned_land_acres,OBC,3.28,97.79272473667145
owned_land_acres,OBC,3.29,97.79600304720385
owned_land_acres,OBC,3.3,97.83555243298721
owned_land_acres,OBC,3.31,97.86577605998862
owned_land_acres,OBC,3.32,97.92602868472493
owned_land_acres,OBC,3.34,97.94995436134306
owned_land_acres,OBC,3.36,97.9553183744235
owned_land_acres,OBC,3.37,97.95853678227175
owned_land_acres,OBC,3.39,97.97316262163307
owned_land_acres,OBC,3.4,97.9926201025837
owned_land_acres,OBC,3.41,98.09114368090971
owned_land_acres,OBC,3.43,98.0980959864318
owned_land_acres,OBC,3.44,98.10673014149678
owned_land_acres,OBC,3.48,98.11127185409484
owned_land_acres,OBC,3.49,98.11319963138466
owned_land_acres,OBC,3.5,98.15621389733306
owned_land_acres,OBC,3.52,98.157226797265
owned_land_acres,OBC,3.53,98.1943637385868
owned_land_acres,OBC,3.54,98.20161196336858
owned_land_acres,OBC,3.55,98.20470239730071
owned_land_acres,OBC,3.58,98.22741096029094
owned_land_acres,OBC,3.6,98.23511662375167
owned_land_acres,OBC,3.62,98.26575281687589
owned_land_acres,OBC,3.63,98.2745871558199
owned_land_acres,OBC,3.64,98.27852439587792
owned_land_acres,OBC,3.65,98.28176458652041
owned_land_acres,OBC,3.68,98.34442007128882
owned_land_acres,OBC,3.71,98.34673449317631
owned_land_acres,OBC,3.72,98.35256139063424
owned_land_acres,OBC,3.74,98.3547342243592
owned_land_acres,OBC,3.75,98.39379894297085
owned_land_acres,OBC,3.76,98.4042111186153
owned_land_acres,OBC,3.77,98.42906125702078
owned_land_acres,OBC,3.78,98.45761447044625
owned_land_acres,OBC,3.79,98.60645630345566
owned_land_acres,OBC,3.8,98.61305104441037
owned_land_acres,OBC,3.82,98.62808117243269
owned_land_acres,OBC,3.85,98.63792699542702
owned_land_acres,OBC,3.87,98.63830274862758
owned_land_acres,OBC,3.9,98.64037211407994
owned_land_acres,OBC,3.92,98.64263207898183
owned_land_acres,OBC,3.96,98.65352347609945
owned_land_acres,OBC,4.0,98.69600177639569
owned_land_acres,OBC,4.02,98.69901869339728
owned_land_acres,OBC,4.03,98.69949246917189
owned_land_acres,OBC,4.04,98.73805346066683
owned_land_acres,OBC,4.05,98.79599024763401
owned_land_acres,OBC,4.06,98.79807595018204
owned_land_acres,OBC,4.07,98.80835612209341
owned_land_acres,OBC,4.08,98.81848697295032
owned_land_acres,OBC,4.1,98.82176528348273
owned_land_acres,OBC,4.12,98.83378263323436
owned_land_acres,OBC,4.13,98.86198318322117
owned_land_acres,OBC,4.14,98.87002833153005
owned_land_acres,OBC,4.15,98.87955285830941
owned_land_acres,OBC,4.16,98.89586904250336
owned_land_acres,OBC,4.18,98.90357470596409
owned_land_acres,OBC,4.19,98.90614507568385
owned_land_acres,OBC,4.22,98.91196652744321
owned_land_acres,OBC,4.23,98.91477650789956
owned_land_acres,OBC,4.24,98.92452430831983
owned_land_acres,OBC,4.25,98.94153122491899
owned_land_acres,OBC,4.26,98.94448279353787
owned_land_acres,OBC,4.27,98.94969704990793
owned_land_acres,OBC,4.28,98.95295630049537
owned_land_acres,OBC,4.3,98.95321039679013
owned_land_acres,OBC,4.31,98.95513817407995
owned_land_acres,OBC,4.36,98.96238367601245
owned_land_acres,OBC,4.38,98.96712960230644
owned_land_acres,OBC,4.41,98.96778853183207
owned_land_acres,OBC,4.42,98.98824802131752
owned_land_acres,OBC,4.48,98.99281696240836
owned_land_acres,OBC,4.49,98.99422609136744
owned_land_acres,OBC,4.5,99.00870620383532
owned_land_acres,OBC,4.52,99.01223501650142
owned_land_acres,OBC,4.53,99.02246203839488
owned_land_acres,OBC,4.56,99.03280341995806
owned_land_acres,OBC,4.58,99.03443168382714
owned_land_acres,OBC,4.6,99.03893342499777
owned_land_acres,OBC,4.62,99.04169439416708
owned_land_acres,OBC,4.63,99.05852704841236
owned_land_acres,OBC,4.66,99.06130980037591
owned_land_acres,OBC,4.7,99.06293806424499
owned_land_acres,OBC,4.72,99.06631984305001
owned_land_acres,OBC,4.73,99.07013727773973
owned_land_acres,OBC,4.76,99.10272978361422
owned_land_acres,OBC,4.77,99.1333781751032
owned_land_acres,OBC,4.8,99.14899643856987
owned_land_acres,OBC,4.83,99.16598701807335
owned_land_acres,OBC,4.84,99.16839401683634
owned_land_acres,OBC,4.9,99.17170500156011
owned_land_acres,OBC,4.94,99.17233125689438
owned_land_acres,OBC,4.97,99.18763366984463
owned_land_acres,OBC,5.0,99.20498911115155
owned_land_acres,OBC,5.02,99.20735254432607
owned_land_acres,OBC,5.03,99.22123090710322
owned_land_acres,OBC,5.04,99.23106039300187
owned_land_acres,OBC,5.05,99.23627464937192
owned_land_acres,OBC,5.06,99.27071324705784
owned_land_acres,OBC,5.07,99.28858602972787
owned_land_acres,OBC,5.08,99.31758263193
owned_land_acres,OBC,5.1,99.3232679412254
owned_land_acres,OBC,5.12,99.33464400551475
owned_land_acres,OBC,5.14,99.33904412995027
owned_land_acres,OBC,5.15,99.34872113628927
owned_land_acres,OBC,5.16,99.42997912733456
owned_land_acres,OBC,5.17,99.4318524476388
owned_land_acres,OBC,5.18,99.44715486058907
owned_land_acres,OBC,5.19,99.45373054159883
owned_land_acres,OBC,5.2,99.46429519680292
owned_land_acres,OBC,5.21,99.46823243686094
owned_land_acres,OBC,5.24,99.475600467011
owned_land_acres,OBC,5.28,99.48865652930576
owned_land_acres,OBC,5.29,99.49205464520645
owned_land_acres,OBC,5.3,99.50025042153746
owned_land_acres,OBC,5.35,99.50173165154546
owned_land_acres,OBC,5.36,99.50563621741212
owned_land_acres,OBC,5.39,99.51375847681258
owned_land_acres,OBC,5.44,99.51788359347088
owned_land_acres,OBC,5.45,99.53268500215374
owned_land_acres,OBC,5.5,99.5359959868775
owned_land_acres,OBC,5.54,99.54716783747091
owned_land_acres,OBC,5.55,99.54731487133199
owned_land_acres,OBC,5.57,99.55214520595365
owned_land_acres,OBC,5.64,99.55540717939039
owned_land_acres,OBC,5.66,99.55777061256491
owned_land_acres,OBC,5.68,99.56401138311331
owned_land_acres,OBC,5.73,99.564261885247
owned_land_acres,OBC,5.75,99.56967490961446
owned_land_acres,OBC,5.8,99.56982194347556
owned_land_acres,OBC,5.85,99.57672708924812
owned_land_acres,OBC,5.88,99.57995638849351
owned_land_acres,OBC,5.91,99.5818623829891
owned_land_acres,OBC,5.94,99.58407333660398
owned_land_acres,OBC,5.95,99.58720189042602
owned_land_acres,OBC,5.98,99.59753238059209
owned_land_acres,OBC,6.03,99.61356451714923
owned_land_acres,OBC,6.04,99.6285365940249
owned_land_acres,OBC,6.05,99.63308375232151
owned_land_acres,OBC,6.06,99.64705741482342
owned_land_acres,OBC,6.1,99.66169817539878
owned_land_acres,OBC,6.19,99.66652851002044
owned_land_acres,OBC,6.26,99.6701444538635
owned_land_acres,OBC,6.27,99.67085784037471
owned_land_acres,OBC,6.33,99.67373316921375
owned_land_acres,OBC,6.34,99.67539955297275
owned_land_acres,OBC,6.36,99.68917717032653
owned_land_acres,OBC,6.4,99.69375155711595
owned_land_acres,OBC,6.44,99.69651252628525
owned_land_acres,OBC,6.53,99.78916291871558
owned_land_acres,OBC,6.62,99.79383532807904
owned_land_acres,OBC,6.64,99.79546359194812
owned_land_acres,OBC,6.68,99.79771811115147
owned_land_acres,OBC,6.7,99.81235887172683
owned_land_acres,OBC,6.73,99.81542480001544
owned_land_acres,OBC,6.85,99.82662387910165
owned_land_acres,OBC,6.93,99.82877493003237
owned_land_acres,OBC,7.16,99.83443845653353
owned_land_acres,OBC,7.44,99.83750438482215
owned_land_acres,OBC,7.47,99.8397044470399
owned_land_acres,OBC,7.48,99.84041783355111
owned_land_acres,OBC,7.5,99.84259066727608
owned_land_acres,OBC,7.54,99.84480162089096
owned_land_acres,OBC,7.56,99.85793664581482
owned_land_acres,OBC,7.62,99.86680768876712
owned_land_acres,OBC,7.64,99.86975925738601
owned_land_acres,OBC,7.95,99.87369649744402
owned_land_acres,OBC,7.98,99.87586933116899
owned_land_acres,OBC,8.16,99.88539385794834
owned_land_acres,OBC,8.2,99.88554089180943
owned_land_acres,OBC,8.25,99.90929502892297
owned_land_acres,OBC,8.32,99.91092329279205
owned_land_acres,OBC,8.55,99.91316147489971
owned_land_acres,OBC,8.98,99.91457060385879
owned_land_acres,OBC,9.03,99.91480749174609
owned_land_acres,OBC,9.04,99.9150443796334
owned_land_acres,OBC,9.29,99.92247231246762
owned_land_acres,OBC,9.34,99.9301834216269
owned_land_acres,OBC,9.55,99.93201862204121
owned_land_acres,OBC,9.56,99.94321770112742
owned_land_acres,OBC,9.7,99.94509646713021
owned_land_acres,OBC,9.78,99.94822502095225
owned_land_acres,OBC,9.91,99.9541145439436
owned_land_acres,OBC,10.15,99.95751265984431
owned_land_acres,OBC,10.19,99.96238656005444
owned_land_acres,OBC,10.42,99.96735303714007
owned_land_acres,OBC,12.55,99.96984172138144
owned_land_acres,OBC,12.88,99.97825532565481
owned_land_acres,OBC,15.4,99.98619515415356
owned_land_acres,OBC,16.27,99.9941349826523
owned_land_acres,OBC,18.72,99.99532759063669
owned_land_acres,OBC,22.28,100.0
owned_land_acres,ST,0.0,7.179602980377448
owned_land_acres,ST,0.01,24.230189842154907
owned_land_acres,ST,0.02,39.0613050935034
owned_land_acres,ST,0.03,51.577754047148794
owned_land_acres,ST,0.04,61.05176659863902
owned_land_acres,ST,0.05,61.482472956775446
owned_land_acres,ST,0.06,64.11529466642398
owned_land_acres,ST,0.08,65.9899800915041
owned_land_acres,ST,0.09,67.47017863942582
owned_land_acres,ST,0.1,68.95037718734756
owned_land_acres,ST,0.12,69.04608971137787
owned_land_acres,ST,0.16,69.12420160408954
owned_land_acres,ST,0.17,69.44035839889182
owned_land_acres,ST,0.19,69.86277355053929
owned_land_acres,ST,0.24,72.7841874299084
owned_land_acres,ST,0.25,73.16100094586665
owned_land_acres,ST,0.26,74.83727925426386
owned_land_acres,ST,0.34,75.0089217745614
owned_land_acres,ST,0.36,75.41039072034206
owned_land_acres,ST,0.43,75.7605850996779
owned_land_acres,ST,0.47,76.11077947901374
owned_land_acres,ST,0.54,76.35769742664515
owned_land_acres,ST,0.6,76.85153332190794
owned_land_acres,ST,0.63,77.09845126953934
owned_land_acres,ST,0.65,77.12317942924322
owned_land_acres,ST,0.7,79.90036995363351
owned_land_acres,ST,0.73,79.95753564047837
owned_land_acres,ST,0.77,80.03666575153079
owned_land_acres,ST,0.82,80.82651226442535
owned_land_acres,ST,0.84,82.36271282108822
owned_land_acres,ST,0.86,85.47860640354021
owned_land_acres,ST,0.88,87.09306431267771
owned_land_acres,ST,0.98,87.12782919602611
owned_land_acres,ST,1.0,87.48536929339164
owned_land_acres,ST,1.03,89.24485058620427
owned_land_acres,ST,1.05,89.29699791122687
owned_land_acres,ST,1.23,89.37612802227927
owned_land_acres,ST,1.25,89.3909649181016
owned_land_acres,ST,1.49,89.9377481670833
owned_land_acres,ST,1.51,89.95273052266859
owned_land_acres,ST,1.55,90.11506361813643
owned_land_acres,ST,1.56,91.87454491094906
owned_land_acres,ST,1.67,91.88443617483061
owned_land_acres,ST,2.03,92.30161477501137
owned_land_acres,ST,2.05,92.35376210003398
owned_land_acres,ST,2.08,92.43187399274565
owned_land_acres,ST,2.11,92.84905259292641
owned_land_acres,ST,2.56,92.86403494851172
owned_land_acres,ST,2.57,94.79559514091076
owned_land_acres,ST,2.65,95.21342831002487
owned_land_acres,ST,2.76,95.6882089763394
owned_land_acres,ST,2.77,96.1060421454535
owned_land_acres,ST,2.95,96.11811530577951
owned_land_acres,ST,3.04,96.88854294031837
owned_land_acres,ST,3.06,96.97545514868938
owned_land_acres,ST,3.09,97.4502358150039
owned_land_acres,ST,3.34,97.66558899407211
owned_land_acres,ST,3.54,98.43601662861097
owned_land_acres,ST,3.65,98.71319020693889
owned_land_acres,ST,4.06,98.80010241530988
owned_land_acres,ST,4.81,99.03902007597826
owned_land_acres,ST,5.1,99.23451799740188
owned_land_acres,ST,5.16,99.4300159188255
owned_land_acres,ST,6.3,99.56929364186354
owned_land_acres,ST,7.76,99.99999999999997
owned_land_acres,Others,0.0,0.01673444523547783
owned_land_acres,Others,0.01,3.4918546077226593
owned_land_acres,Others,0.02,6.527136603925267
owned_land_acres,Others,0.03,12.034293436153995
owned_land_acres,Others,0.04,14.566042524054353
owned_land_acres,Others,0.05,15.807807087849831
owned_land_acres,Others,0.06,17.464339527794095
owned_land_acres,Others,0.07,18.292141914249672
owned_land_acres,Others,0.08,23.229607945340092
owned_land_acres,Others,0.09,23.38701527702111
owned_land_acres,Others,0.1,24.959342575683856
owned_land_acres,Others,0.12,26.029272130886287
owned_land_acres,Others,0.13,26.12035202883866
owned_land_acres,Others,0.14,26.228529240145846
owned_land_acres,Others,0.15,26.47180776868556
owned_land_acres,Others,0.16,28.70607838210496
owned_land_acres,Others,0.17,28.719337998180976
owned_land_acres,Others,0.18,28.957893168062775
owned_land_acres,Others,0.19,28.98081054190897
owned_land_acres,Others,0.2,31.709773644790307
owned_land_acres,Others,0.21,32.53992936005327
owned_land_acres,Others,0.22,33.265678251023026
owned_land_acres,Others,0.24,33.550895123279204
owned_land_acres,Others,0.25,34.64524615839568
owned_land_acres,Others,0.26,36.38673882920869
owned_land_acres,Others,0.29,36.52396573375111
owned_land_acres,Others,0.3,36.746722222905994
owned_land_acres,Others,0.31,38.094256011241875
owned_land_acres,Others,0.32,39.83674416544501
owned_land_acres,Others,0.33,39.96407089404549
owned_land_acres,Others,0.34,40.02110141375443
owned_land_acres,Others,0.35,42.124095754914684
owned_land_acres,Others,0.36,42.18833150951195
owned_land_acres,Others,0.37,43.266269974042736
owned_land_acres,Others,0.38,43.4522588636586
owned_land_acres,Others,0.39,43.67047317516913
owned_land_acres,Others,0.41,43.67529370353264
owned_land_acres,Others,0.42,44.15089386412178
owned_land_acres,Others,0.43,44.498407145601035
owned_land_acres,Others,0.44,45.114388683518925
owned_land_acres,Others,0.46,45.2085218358143
owned_land_acres,Others,0.47,45.4494217309358
owned_land_acres,Others,0.48,45.898034524072514
owned_land_acres,Others,0.49,45.90172039368632
owned_land_acres,Others,0.5,46.01031513107223
owned_land_acres,Others,0.51,46.03669518786469
owned_land_acres,Others,0.52,46.27520379726255
owned_land_acres,Others,0.53,46.41681244821665
owned_land_acres,Others,0.54,47.05418498585534
owned_land_acres,Others,0.55,47.68462406012603
owned_land_acres,Others,0.56,48.496851458614465
owned_land_acres,Others,0.57,50.419508441942085
owned_land_acres,Others,0.58,51.05425334879195
owned_land_acres,Others,0.59,51.441173500720026
owned_land_acres,Others,0.6,52.20991492549349
owned_land_acres,Others,0.61,52.69910366209947
owned_land_acres,Others,0.62,53.33308538188665
owned_land_acres,Others,0.63,53.58097795316549
owned_land_acres,Others,0.64,54.353401198815035
owned_land_acres,Others,0.65,54.42243217716497
owned_land_acres,Others,0.66,55.23748103976117
owned_land_acres,Others,0.68,55.30427154786805
owned_land_acres,Others,0.69,55.93716516938946
owned_land_acres,Others,0.7,56.34225656235606
owned_land_acres,Others,0.71,56.34450867272012
owned_land_acres,Others,0.73,56.421333471206346
owned_land_acres,Others,0.74,57.022238521990474
owned_land_acres,Others,0.75,57.02705905035399
owned_land_acres,Others,0.76,57.030222126708
owned_land_acres,Others,0.77,57.21769133605754
owned_land_acres,Others,0.8,57.42715025222017
owned_land_acres,Others,0.81,57.53074732896675
owned_land_acres,Others,0.82,57.56067205564456
owned_land_acres,Others,0.83,57.96854037660387
owned_land_acres,Others,0.84,58.01912429365722
owned_land_acres,Others,0.85,58.040660035751976
owned_land_acres,Others,0.86,58.20849286709582
owned_land_acres,Others,0.87,58.210998023568195
owned_land_acres,Others,0.88,58.27146339115147
owned_land_acres,Others,0.89,59.262290732892794
owned_land_acres,Others,0.9,59.444880201089475
owned_land_acres,Others,0.92,59.72020752534025
owned_land_acres,Others,0.93,59.99301653472101
owned_land_acres,Others,0.94,60.62669358699375
owned_land_acres,Others,0.95,61.847457854259666
owned_land_acres,Others,0.96,62.72117545707009
owned_land_acres,Others,0.97,62.99051773476686
owned_land_acres,Others,0.98,64.13939868794985
owned_land_acres,Others,1.01,64.34694710599464
owned_land_acres,Others,1.02,64.55434369637446
owned_land_acres,Others,1.03,64.59065581291851
owned_land_acres,Others,1.04,64.96153284157903
owned_land_acres,Others,1.05,65.52552200780465
owned_land_acres,Others,1.06,65.67653587651283
owned_land_acres,Others,1.07,65.70275145333487
owned_land_acres,Others,1.08,66.04339554515765
owned_land_acres,Others,1.1,66.07703954353555
owned_land_acres,Others,1.12,66.24777633201847
owned_land_acres,Others,1.14,66.52126856589172
owned_land_acres,Others,1.15,66.59824519204292
owned_land_acres,Others,1.18,66.60774100030378
owned_land_acres,Others,1.19,66.69855924858015
owned_land_acres,Others,1.2,66.83149702158653
owned_land_acres,Others,1.21,66.85932146556527
owned_land_acres,Others,1.22,66.91555691440185
owned_land_acres,Others,1.23,67.19713802017367
owned_land_acres,Others,1.24,67.24698810351288
owned_land_acres,Others,1.25,67.43644372481275
owned_land_acres,Others,1.26,67.92976976528975
owned_land_acres,Others,1.27,69.15964976556182
owned_land_acres,Others,1.28,69.81487470614255
owned_land_acres,Others,1.29,69.94927609783946
owned_land_acres,Others,1.3,70.1277495180382
owned_land_acres,Others,1.31,70.13417688918955
owned_land_acres,Others,1.33,70.22176120820158
owned_land_acres,Others,1.35,70.5283761654696
owned_land_acres,Others,1.38,70.9354261353146
owned_land_acres,Others,1.39,70.94492194357545
owned_land_acres,Others,1.4,71.06274021160965
owned_land_acres,Others,1.42,71.1025190598377
owned_land_acres,Others,1.43,71.34306469040754
owned_land_acres,Others,1.44,71.35496797934296
owned_land_acres,Others,1.46,71.41509173468
owned_land_acres,Others,1.5,71.43251598360676
owned_land_acres,Others,1.52,71.51619833162847
owned_land_acres,Others,1.53,71.7820232684196
owned_land_acres,Others,1.54,71.85774124322802
owned_land_acres,Others,1.56,72.23292865929768
owned_land_acres,Others,1.57,72.24932604711688
owned_land_acres,Others,1.58,72.35660494473952
owned_land_acres,Others,1.59,72.73587045189089
owned_land_acres,Others,1.61,73.2214659337587
owned_land_acres,Others,1.62,73.40016709545492
owned_land_acres,Others,1.63,73.40909962307865
owned_land_acres,Others,1.65,73.60497654242324
owned_land_acres,Others,1.66,73.94049442618366
owned_land_acres,Others,1.68,73.95155203502507
owned_land_acres,Others,1.69,74.44833215488067
owned_land_acres,Others,1.72,74.46764817651324
owned_land_acres,Others,1.73,74.47658070413696
owned_land_acres,Others,1.74,74.48248528202852
owned_land_acres,Others,1.77,74.48668584742664
owned_land_acres,Others,1.78,74.9853385084838
owned_land_acres,Others,1.83,75.02092337051255
owned_land_acres,Others,1.84,75.02606020651146
owned_land_acres,Others,1.86,76.08357785010075
owned_land_acres,Others,1.87,76.09412126925005
owned_land_acres,Others,1.9,76.12724500482926
owned_land_acres,Others,1.92,77.040020274459
owned_land_acres,Others,1.93,77.2660982468317
owned_land_acres,Others,1.94,77.27123508283061
owned_land_acres,Others,1.96,77.68319414717703
owned_land_acres,Others,1.98,78.31227942476822
owned_land_acres,Others,1.99,78.44797540035529
owned_land_acres,Others,2.0,78.46532575981843
owned_land_acres,Others,2.02,78.57004889174702
owned_land_acres,Others,2.03,78.8256001565403
owned_land_acres,Others,2.04,79.4932688925438
owned_land_acres,Others,2.05,79.71425810767818
owned_land_acres,Others,2.06,79.83143110813619
owned_land_acres,Others,2.07,79.85799082766555
owned_land_acres,Others,2.08,79.91917332791981
owned_land_acres,Others,2.09,80.28455419510759
owned_land_acres,Others,2.1,80.583372295686
owned_land_acres,Others,2.12,80.6362083231034
owned_land_acres,Others,2.13,80.63871347957578
owned_land_acres,Others,2.14,80.79031340307084
owned_land_acres,Others,2.16,81.14680071173558
owned_land_acres,Others,2.19,81.15674542379259
owned_land_acres,Others,2.22,81.69821348637765
owned_land_acres,Others,2.23,81.73749889469447
owned_land_acres,Others,2.24,81.89962553629567
owned_land_acres,Others,2.25,81.92277925520703
owned_land_acres,Others,2.26,81.94124554800786
owned_land_acres,Others,2.28,82.39119948551867
owned_land_acres,Others,2.29,82.43461359413884
owned_land_acres,Others,2.31,82.91570485527853
owned_land_acres,Others,2.32,83.00238579968386
owned_land_acres,Others,2.36,83.233543419635
owned_land_acres,Others,2.37,83.67337146407525
owned_land_acres,Others,2.4,83.82484486451614
owned_land_acres,Others,2.41,83.83635846244474
owned_land_acres,Others,2.42,83.85442595457884
owned_land_acres,Others,2.43,83.86726804457614
owned_land_acres,Others,2.44,84.04513415411489
owned_land_acres,Others,2.46,84.19260942604431
owned_land_acres,Others,2.49,84.24853261598324
owned_land_acres,Others,2.51,84.44189779965666
owned_land_acres,Others,2.52,84.45351261602859
owned_land_acres,Others,2.53,84.5478142970321
owned_land_acres,Others,2.54,85.54589140977683
owned_land_acres,Others,2.55,85.54920631379584
owned_land_acres,Others,2.56,86.02351593923252
owned_land_acres,Others,2.57,86.06707782677996
owned_land_acres,Others,2.58,86.6816256054481
owned_land_acres,Others,2.59,86.89183100763029
owned_land_acres,Others,2.6,87.11389566872502
owned_land_acres,Others,2.61,87.20423312939559
owned_land_acres,Others,2.62,87.2077757749121
owned_land_acres,Others,2.63,87.30658167664372
owned_land_acres,Others,2.64,87.3948947684477
owned_land_acres,Others,2.66,87.40420686523392
owned_land_acres,Others,2.67,87.42743649797777
owned_land_acres,Others,2.68,87.43093511347142
owned_land_acres,Others,2.72,87.47295999895692
owned_land_acres,Others,2.73,87.6428804606944
owned_land_acres,Others,2.74,87.6626686663651
owned_land_acres,Others,2.75,87.69645892539361
owned_land_acres,Others,2.76,88.27244500761473
owned_land_acres,Others,2.77,88.34317797408926
owned_land_acres,Others,2.78,88.40099900984059
owned_land_acres,Others,2.82,88.41732048382728
owned_land_acres,Others,2.83,88.58504349316011
owned_land_acres,Others,2.85,88.59358379931595
owned_land_acres,Others,2.86,88.6411817722911
owned_land_acres,Others,2.88,88.65158196734309
owned_land_acres,Others,2.89,88.82150242908058
owned_land_acres,Others,2.9,88.84132251856093
owned_land_acres,Others,2.91,88.8825437296064
owned_land_acres,Others,2.93,88.9693765016767
owned_land_acres,Others,2.94,88.98220593936858
owned_land_acres,Others,2.95,88.99430154334632
owned_land_acres,Others,2.96,89.01920532914284
owned_land_acres,Others,2.98,89.03343917273588
owned_land_acres,Others,3.02,89.11643829626514
owned_land_acres,Others,3.03,89.41467843953215
owned_land_acres,Others,3.04,89.43323937157749
owned_land_acres,Others,3.05,89.4995541530007
owned_land_acres,Others,3.06,89.5212341313772
owned_land_acres,Others,3.07,89.68381625597338
owned_land_acres,Others,3.08,89.69611429683778
owned_land_acres,Others,3.09,89.86099914101968
owned_land_acres,Others,3.1,90.07429575446109
owned_land_acres,Others,3.11,90.08649257688215
owned_land_acres,Others,3.12,90.10204883943729
owned_land_acres,Others,3.13,90.17309558308611
owned_land_acres,Others,3.14,90.63276244241872
owned_land_acres,Others,3.15,90.63524229428026
owned_land_acres,Others,3.16,90.74516552373485
owned_land_acres,Others,3.17,90.95033530836145
owned_land_acres,Others,3.18,91.12150834833511
owned_land_acres,Others,3.2,91.13281950937706
owned_land_acres,Others,3.22,91.20687345297718
owned_land_acres,Others,3.23,91.24653843045648
owned_land_acres,Others,3.24,91.24970150681048
owned_land_acres,Others,3.25,91.28674745706866
owned_land_acres,Others,3.28,91.38654884219042
owned_land_acres,Others,3.29,91.4037306729454
owned_land_acres,Others,3.3,91.42933893910748
owned_land_acres,Others,3.31,91.43311792968913
owned_land_acres,Others,3.39,91.46310389352517
owned_land_acres,Others,3.42,91.47946737316585
owned_land_acres,Others,3.44,91.50212765216598
owned_land_acres,Others,3.45,91.62347591341128
owned_land_acres,Others,3.49,91.70199004771666
owned_land_acres,Others,3.51,91.7177042110434
owned_land_acres,Others,3.52,91.8416714995098
owned_land_acres,Others,3.53,91.9027821346693
owned_land_acres,Others,3.54,91.92627341708915
owned_land_acres,Others,3.56,91.96568534846013
owned_land_acres,Others,3.57,91.9681905049325
owned_land_acres,Others,3.58,91.99817646876853
owned_land_acres,Others,3.6,92.07302750760985
owned_land_acres,Others,3.61,92.3984194982997
owned_land_acres,Others,3.63,92.41245495374383
owned_land_acres,Others,3.64,92.42278783853101
owned_land_acres,Others,3.65,92.43996966928599
owned_land_acres,Others,3.66,92.55254380977136
owned_land_acres,Others,3.68,92.57223079699874
owned_land_acres,Others,3.71,92.6691980657073
owned_land_acres,Others,3.76,92.67225992361799
owned_land_acres,Others,3.77,92.68664559487603
owned_land_acres,Others,3.78,92.79636638744397
owned_land_acres,Others,3.79,92.82455572391092
owned_land_acres,Others,3.8,93.07104793802631
owned_land_acres,Others,3.81,93.25178207215679
owned_land_acres,Others,3.83,93.26402950379952
owned_land_acres,Others,3.88,93.2732403821424
owned_land_acres,Others,3.91,93.28853701939039
owned_land_acres,Others,3.98,93.38117719964669
owned_land_acres,Others,4.0,93.38532715582313
owned_land_acres,Others,4.01,93.3862381218131
owned_land_acres,Others,4.03,93.40686137964124
owned_land_acres,Others,4.04,93.42438077390473
owned_land_acres,Others,4.05,93.5561165778966
owned_land_acres,Others,4.06,93.71955501052332
owned_land_acres,Others,4.08,93.73873590553406
owned_land_acres,Others,4.1,93.95529276503508
owned_land_acres,Others,4.14,93.98980825421005
owned_land_acres,Others,4.18,94.01110208422526
owned_land_acres,Others,4.22,94.11763702628946
owned_land_acres,Others,4.23,94.13245743076159
owned_land_acres,Others,4.26,94.17155305449717
owned_land_acres,Others,4.33,94.17405821096955
owned_land_acres,Others,4.38,94.23953389149759
owned_land_acres,Others,4.41,94.34129638395883
owned_land_acres,Others,4.48,94.4161094658839
owned_land_acres,Others,4.54,94.4258011318326
owned_land_acres,Others,4.59,94.45965870112593
owned_land_acres,Others,4.63,94.55735980354864
owned_land_acres,Others,4.64,94.56755756171397
owned_land_acres,Others,4.75,94.69428305276108
owned_land_acres,Others,4.81,94.72926667723644
owned_land_acres,Others,4.82,94.78276062453548
owned_land_acres,Others,4.83,94.80105585816709
owned_land_acres,Others,4.84,94.80474172778088
owned_land_acres,Others,4.87,94.83972535225624
owned_land_acres,Others,4.89,94.86391656021172
owned_land_acres,Others,4.94,94.9030880977798
owned_land_acres,Others,4.98,94.95804971250709
owned_land_acres,Others,4.99,94.96374324994432
owned_land_acres,Others,5.0,95.05638343020061
owned_land_acres,Others,5.02,95.20776826450358
owned_land_acres,Others,5.03,95.25954149826603
owned_land_acres,Others,5.04,95.45002195630458
owned_land_acres,Others,5.05,95.60453191004534
owned_land_acres,Others,5.07,95.69934828683317
owned_land_acres,Others,5.09,95.85044211811159
owned_land_acres,Others,5.1,95.86150023304522
owned_land_acres,Others,5.12,96.1026278696642
owned_land_acres,Others,5.13,96.11315458777035
owned_land_acres,Others,5.14,96.1978744248362
owned_land_acres,Others,5.15,96.20673103862742
owned_land_acres,Others,5.16,96.48513236700208
owned_land_acres,Others,5.17,96.48949741237061
owned_land_acres,Others,5.25,96.51654804135012
owned_land_acres,Others,5.26,96.5265433626288
owned_land_acres,Others,5.28,96.60594923141991
owned_land_acres,Others,5.31,96.73520518355022
owned_land_acres,Others,5.32,96.74770566130128
owned_land_acres,Others,5.35,96.7581311609641
owned_land_acres,Others,5.4,96.77179565081343
owned_land_acres,Others,5.43,96.7876236848889
owned_land_acres,Others,5.44,96.82623852101867
owned_land_acres,Others,5.45,96.8385618664939
owned_land_acres,Others,5.48,96.8567052724605
owned_land_acres,Others,5.53,96.86644754763087
owned_land_acres,Others,5.54,96.8913978939113
owned_land_acres,Others,5.57,96.8949405394278
owned_land_acres,Others,5.58,96.9404382297039
owned_land_acres,Others,5.59,96.9509396431992
owned_land_acres,Others,5.61,96.96349073017191
owned_land_acres,Others,5.64,96.96538857598432
owned_land_acres,Others,5.69,97.0041552397791
owned_land_acres,Others,5.72,97.00820397751222
owned_land_acres,Others,5.74,97.01111400775791
owned_land_acres,Others,5.92,97.13246226900321
owned_land_acres,Others,5.93,97.16480156164661
owned_land_acres,Others,6.0,97.29529743970771
owned_land_acres,Others,6.02,97.32530870815457
owned_land_acres,Others,6.04,97.35903975439373
owned_land_acres,Others,6.05,97.37342542565179
owned_land_acres,Others,6.06,97.38781109690983
owned_land_acres,Others,6.09,97.39990670088756
owned_land_acres,Others,6.2,97.48530976244587
owned_land_acres,Others,6.23,97.6538384705876
owned_land_acres,Others,6.24,97.69614777989885
owned_land_acres,Others,6.25,97.7384570892101
owned_land_acres,Others,6.26,98.34316137426454
owned_land_acres,Others,6.31,98.38286430866009
owned_land_acres,Others,6.34,98.39816094590809
owned_land_acres,Others,6.36,98.44105226126848
owned_land_acres,Others,6.48,98.53875336369117
owned_land_acres,Others,7.0,98.5629825285629
owned_land_acres,Others,7.03,98.56925807204927
owned_land_acres,Others,7.04,98.6539779091151
owned_land_acres,Others,7.25,98.65812786529156
owned_land_acres,Others,7.3,98.66227782146801
owned_land_acres,Others,7.53,98.71587298721037
owned_land_acres,Others,7.55,98.73788799863429
owned_land_acres,Others,7.58,98.73921649070297
owned_land_acres,Others,7.87,98.79739179100595
owned_land_acres,Others,8.06,98.85842651233295
owned_land_acres,Others,8.08,98.87459615865465
owned_land_acres,Others,8.21,98.93277145895763
owned_land_acres,Others,8.71,98.94565150587117
owned_land_acres,Others,9.22,98.94727100096442
owned_land_acres,Others,9.36,98.94959902516098
owned_land_acres,Others,9.39,98.95614684625988
owned_land_acres,Others,9.41,99.23866017389476
owned_land_acres,Others,9.93,99.27317566306972
owned_land_acres,Others,9.97,99.45534355644993
owned_land_acres,Others,10.03,99.45667204851863
owned_land_acres,Others,10.13,99.4636814257191
owned_land_acres,Others,10.18,99.50917911599521
owned_land_acres,Others,11.15,99.51322785372834
owned_land_acres,Others,11.23,99.52677847282892
owned_land_acres,Others,11.26,99.53285157942862
owned_land_acres,Others,11.3,99.53510368979268
owned_land_acres,Others,12.56,99.5571187012166
owned_land_acres,Others,12.96,99.5631918078163
owned_land_acres,Others,13.77,99.5725039046025
owned_land_acres,Others,15.04,99.57877944808887
owned_land_acres,Others,15.28,99.60185725316772
owned_land_acres,Others,16.26,99.6112199591756
owned_land_acres,Others,19.05,99.62058266518348
owned_land_acres,Others,19.19,99.65497163130429
owned_land_acres,Others,37.3,99.99999999999983
owned_land_acres,SC,0.0,5.5348289162027084
owned_land_acres,SC,0.01,27.72027165727313
owned_land_acres,SC,0.02,46.765310616615665
owned_land_acres,SC,0.03,55.419874668818444
owned_land_acres,SC,0.04,62.562311324766874
owned_land_acres,SC,0.05,63.96519950433168
owned_land_acres,SC,0.06,66.2107499998984
owned_land_acres,SC,0.07,66.88195339953754
owned_land_acres,SC,0.08,67.95904355851899
owned_land_acres,SC,0.09,70.04544141367366
owned_land_acres,SC,0.1,71.74462744961858
owned_land_acres,SC,0.11,72.16579152483757
owned_land_acres,SC,0.12,73.43063828508161
owned_land_acres,SC,0.13,73.76812716199515
owned_land_acres,SC,0.14,73.9165928537423
owned_land_acres,SC,0.15,74.07538616622915
owned_land_acres,SC,0.16,74.59229631828738
owned_land_acres,SC,0.17,75.11262737566476
owned_land_acres,SC,0.18,75.18695628531937
owned_land_acres,SC,0.19,75.18750491885959
owned_land_acres,SC,0.2,75.60725190633175
owned_land_acres,SC,0.21,75.62969132383758
owned_land_acres,SC,0.22,76.42723823159962
owned_land_acres,SC,0.23,77.46449190463473
owned_land_acres,SC,0.26,78.31526190969194
owned_land_acres,SC,0.27,78.72694635926169
owned_land_acres,SC,0.28,78.91091379111427
owned_land_acres,SC,0.29,78.91444122493479
owned_land_acres,SC,0.3,79.22255081104403
owned_land_acres,SC,0.31,80.2708051391918
owned_land_acres,SC,0.32,80.71032339322795
owned_land_acres,SC,0.33,81.50552596847287
owned_land_acres,SC,0.34,81.8054088734259
owned_land_acres,SC,0.35,82.21713094895641
owned_land_acres,SC,0.36,82.31659870363856
owned_land_acres,SC,0.37,82.89271683237413
owned_land_acres,SC,0.38,82.99997433674325
owned_land_acres,SC,0.39,83.07914170978835
owned_land_acres,SC,0.4,83.3513655358302
owned_land_acres,SC,0.41,83.36759173140457
owned_land_acres,SC,0.42,83.96918686848994
owned_land_acres,SC,0.43,84.28050947648515
owned_land_acres,SC,0.44,84.46534418673308
owned_land_acres,SC,0.45,84.65744823259831
owned_land_acres,SC,0.46,84.74357640838255
owned_land_acres,SC,0.47,85.19514390602507
owned_land_acres,SC,0.48,85.6003225918185
owned_land_acres,SC,0.49,85.7137796787083
owned_land_acres,SC,0.5,86.72744069854053
owned_land_acres,SC,0.51,86.8429817933315
owned_land_acres,SC,0.52,86.84598011207895
owned_land_acres,SC,0.53,87.26031248863661
owned_land_acres,SC,0.54,87.60075429798243
owned_land_acres,SC,0.55,88.94386305659096
owned_land_acres,SC,0.56,89.08313790193762
owned_land_acres,SC,0.57,89.43946774353554
owned_land_acres,SC,0.58,89.64378258947612
owned_land_acres,SC,0.59,89.64805078439893
owned_land_acres,SC,0.6,90.87866662136193
owned_land_acres,SC,0.61,91.2448260100441
owned_land_acres,SC,0.63,91.72231708915808
owned_land_acres,SC,0.64,92.41886180852603
owned_land_acres,SC,0.65,92.92243826074272
owned_land_acres,SC,0.66,92.97919278961676
owned_land_acres,SC,0.68,93.09931178801999
owned_land_acres,SC,0.69,93.11937700740235
owned_land_acres,SC,0.71,93.13327156922136
owned_land_acres,SC,0.72,93.19705933080901
owned_land_acres,SC,0.73,93.35297966603017
owned_land_acres,SC,0.74,93.3835683963104
owned_land_acres,SC,0.75,93.58037568726967
owned_land_acres,SC,0.78,93.62980679320782
owned_land_acres,SC,0.79,93.6333577432538
owned_land_acres,SC,0.82,93.88221349604602
owned_land_acres,SC,0.83,94.06314733481295
owned_land_acres,SC,0.84,94.09371842792409
owned_land_acres,SC,0.85,94.09792783228323
owned_land_acres,SC,0.86,94.22936001643562
owned_land_acres,SC,0.87,94.24581737650635
owned_land_acres,SC,0.89,94.6327651085041
owned_land_acres,SC,0.9,94.64189434239385
owned_land_acres,SC,0.92,94.82334553812115
owned_land_acres,SC,0.93,94.9819742370297
owned_land_acres,SC,0.94,95.32054909323546
owned_land_acres,SC,0.95,95.34196649558235
owned_land_acres,SC,0.96,95.3822234516401
owned_land_acres,SC,0.97,95.40178895123123
owned_land_acres,SC,0.98,95.42422836873705
owned_land_acres,SC,0.99,95.4566807598858
owned_land_acres,SC,1.01,95.95299069843223
owned_land_acres,SC,1.02,95.97163318617365
owned_land_acres,SC,1.03,95.99115753237018
owned_land_acres,SC,1.04,96.00097555650396
owned_land_acres,SC,1.05,96.26548606059163
owned_land_acres,SC,1.1,96.3057340804837
owned_land_acres,SC,1.11,96.31047259991593
owned_land_acres,SC,1.15,96.32250114924389
owned_land_acres,SC,1.16,96.39099803498192
owned_land_acres,SC,1.2,96.40667159925775
owned_land_acres,SC,1.23,96.65218475576167
owned_land_acres,SC,1.26,96.67159152083086
owned_land_acres,SC,1.27,96.69240925942827
owned_land_acres,SC,1.28,96.73263376309488
owned_land_acres,SC,1.3,96.76198201248157
owned_land_acres,SC,1.32,96.84034983386066
owned_land_acres,SC,1.41,96.84682267492131
owned_land_acres,SC,1.44,96.92201110261685
owned_land_acres,SC,1.45,96.94947217490957
owned_land_acres,SC,1.46,97.11834806906671
owned_land_acres,SC,1.5,97.17316156869046
owned_land_acres,SC,1.52,97.17437265430216
owned_land_acres,SC,1.53,97.24656746649536
owned_land_acres,SC,1.54,97.32315981285147
owned_land_acres,SC,1.55,97.54039682468787
owned_land_acres,SC,1.57,97.73395017552883
owned_land_acres,SC,1.58,97.74221612878158
owned_land_acres,SC,1.6,97.7448812226141
owned_land_acres,SC,1.63,97.74576308106923
owned_land_acres,SC,1.64,97.92248563417898
owned_land_acres,SC,1.65,98.03842062574657
owned_land_acres,SC,1.66,98.07394776337553
owned_land_acres,SC,1.7,98.10216723393964
owned_land_acres,SC,1.71,98.13038670450376
owned_land_acres,SC,1.8,98.19108208244208
owned_land_acres,SC,1.82,98.3817398804409
owned_land_acres,SC,1.83,98.42236227864247
owned_land_acres,SC,1.84,98.42664223167803
owned_land_acres,SC,1.85,98.44231579595385
owned_land_acres,SC,1.88,98.4583832570063
owned_land_acres,SC,1.89,98.84451967922533
owned_land_acres,SC,1.92,98.84605999199361
owned_land_acres,SC,2.0,98.84640097726293
owned_land_acres,SC,2.03,99.04850929576767
owned_land_acres,SC,2.04,99.16444428733526
owned_land_acres,SC,2.11,99.25436751158585
owned_land_acres,SC,2.12,99.26305275913873
owned_land_acres,SC,2.13,99.30566415969055
owned_land_acres,SC,2.15,99.32753424937775
owned_land_acres,SC,2.18,99.32785171842158
owned_land_acres,SC,2.2,99.34357937001599
owned_land_acres,SC,2.27,99.41251718498158
owned_land_acres,SC,2.28,99.41666779877706
owned_land_acres,SC,2.46,99.45123382827104
owned_land_acres,SC,2.51,99.57412962257777
owned_land_acres,SC,2.53,99.57672816549223
owned_land_acres,SC,2.56,99.57793925110393
owned_land_acres,SC,2.57,99.58053779401837
owned_land_acres,SC,2.59,99.58573487984727
owned_land_acres,SC,2.62,99.58625223680761
owned_land_acres,SC,2.66,99.59638490803816
owned_land_acres,SC,2.69,99.62062731455077
owned_land_acres,SC,2.76,99.62088599303095
owned_land_acres,SC,2.78,99.6310186642615
owned_land_acres,SC,2.84,99.63479301844946
owned_land_acres,SC,2.86,99.70234337611231
owned_land_acres,SC,2.88,99.72165607627963
owned_land_acres,SC,2.9,99.73576581156169
owned_land_acres,SC,2.93,99.74148025435092
owned_land_acres,SC,3.03,99.75301496294401
owned_land_acres,SC,3.24,99.82056532060687
owned_land_acres,SC,3.28,99.82433967479481
owned_land_acres,SC,3.33,99.8293368727072
owned_land_acres,SC,3.39,99.8516420125656
owned_land_acres,SC,3.42,99.86154234348851
owned_land_acres,SC,3.49,99.87870330902531
owned_land_acres,SC,3.5,99.88281864848257
owned_land_acres,SC,3.64,99.8837005069377
owned_land_acres,SC,4.02,99.88629904985214
owned_land_acres,SC,4.03,99.89119042474992
owned_land_acres,SC,4.2,99.90183151677515
owned_land_acres,SC,4.22,99.9179518893349
owned_land_acres,SC,4.4,99.92998043866285
owned_land_acres,SC,5.03,99.94392556036664
owned_land_acres,SC,5.22,99.94886396771535
owned_land_acres,SC,5.54,99.98082251812922
owned_land_acres,SC,6.2,99.98797145067213
owned_land_acres,SC,6.3,99.99477939794572
owned_land_acres,SC,6.55,99.99948264303974
owned_land_acres,SC,8.87,100.0
consumption_pc_monthly,OBC,466.6666666666667,0.017909689277160933
consumption_pc_monthly,OBC,500.0,0.13830701729658437
consumption_pc_monthly,OBC,508.3333333333333,0.14221458586614677
consumption_pc_monthly,OBC,514.2857142857143,0.15531332638186907
consumption_pc_monthly,OBC,528.5714285714286,0.19792847636151684
consumption_pc_monthly,OBC,555.5555555555555,0.24570035353650407
consumption_pc_monthly,OBC,575.0,0.2534054950163407
consumption_pc_monthly,OBC,597.2222222222222,0.40238154673090665
consumption_pc_monthly,OBC,600.0,0.7436920876393314
consumption_pc_monthly,OBC,651.6,0.7544248324144254
consumption_pc_monthly,OBC,652.5,0.8301339734496966
consumption_pc_monthly,OBC,655.5555555555555,0.830308223999064
consumption_pc_monthly,OBC,658.3333333333334,0.8304606932297605
consumption_pc_monthly,OBC,666.6666666666666,0.9462338472953484
consumption_pc_monthly,OBC,683.3333333333334,0.9467953696906846
consumption_pc_monthly,OBC,685.7142857142857,0.9517887369959921
consumption_pc_monthly,OBC,687.5,0.9524203952374487
consumption_pc_monthly,OBC,692.3076923076923,1.0744665690802604
consumption_pc_monthly,OBC,695.2857142857143,1.1533149426689775
consumption_pc_monthly,OBC,700.0,1.156479332645488
consumption_pc_monthly,OBC,714.2857142857143,1.1813372625786713
consumption_pc_monthly,OBC,716.6666666666666,1.2993920097750375
consumption_pc_monthly,OBC,720.0,1.30051505456571
consumption_pc_monthly,OBC,722.2222222222222,1.3026854540646733
consumption_pc_monthly,OBC,727.2727272727273,1.434282736144682
consumption_pc_monthly,OBC,733.375,1.4349361757048094
consumption_pc_monthly,OBC,739.625,1.4418571897124932
consumption_pc_monthly,OBC,750.0,1.6608133511189127
consumption_pc_monthly,OBC,763.8333333333334,1.6858400862717955
consumption_pc_monthly,OBC,769.2307692307693,2.07715781218381
consumption_pc_monthly,OBC,775.0,2.0782795500953624
consumption_pc_monthly,OBC,777.1,2.079733453116646
consumption_pc_monthly,OBC,777.7777777777778,2.08286451767559
consumption_pc_monthly,OBC,785.7142857142857,2.122217915184268
consumption_pc_monthly,OBC,792.3076923076923,2.1299448379827757
consumption_pc_monthly,OBC,795.2142857142857,2.1311210291910054
consumption_pc_monthly,OBC,799.2857142857143,2.149861675775462
consumption_pc_monthly,OBC,800.0,2.5442359741365657
consumption_pc_monthly,OBC,802.125,2.5455489520260484
consumption_pc_monthly,OBC,803.4,2.550362623452321
consumption_pc_monthly,OBC,815.0,2.5652692134177295
consumption_pc_monthly,OBC,818.1818181818181,2.575046302836137
consumption_pc_monthly,OBC,820.0,2.575607825231473
consumption_pc_monthly,OBC,820.8333333333334,2.5818209463823525
consumption_pc_monthly,OBC,825.8888888888889,2.5820006422613875
consumption_pc_monthly,OBC,829.25,2.730976693975953
consumption_pc_monthly,OBC,833.3,2.7487012420444117
consumption_pc_monthly,OBC,833.3333333333334,3.4109440488325324
consumption_pc_monthly,OBC,833.4,3.4112489872939253
consumption_pc_monthly,OBC,836.6,3.4115539257553182
consumption_pc_monthly,OBC,843.75,3.4159755334455135
consumption_pc_monthly,OBC,844.4444444444445,3.435840096073389
consumption_pc_monthly,OBC,847.1666666666666,3.4406537674996613
consumption_pc_monthly,OBC,850.0,3.4631770667911024
consumption_pc_monthly,OBC,852.4285714285714,3.4710619041499737
consumption_pc_monthly,OBC,857.1428571428571,3.8383281534525957
consumption_pc_monthly,OBC,858.375,3.8529679222642854
consumption_pc_monthly,OBC,861.1111111111111,3.8705236651130437
consumption_pc_monthly,OBC,863.3,3.8811828979376233
consumption_pc_monthly,OBC,871.4285714285714,4.054287205409897
consumption_pc_monthly,OBC,873.4,4.132961328449246
consumption_pc_monthly,OBC,875.0,4.466606260971222
consumption_pc_monthly,OBC,877.125,4.47348098967673
consumption_pc_monthly,OBC,878.2222222222222,4.582156156520433
consumption_pc_monthly,OBC,878.8,4.589820458027762
consumption_pc_monthly,OBC,880.0,4.611718851286534
consumption_pc_monthly,OBC,881.25,4.620905122435993
consumption_pc_monthly,OBC,885.375,4.621389756776422
consumption_pc_monthly,OBC,887.5,4.643734667067948
consumption_pc_monthly,OBC,888.8888888888889,4.862245727227327
consumption_pc_monthly,OBC,890.0,4.863160542611506
consumption_pc_monthly,OBC,890.9090909090909,4.868238312526662
consumption_pc_monthly,OBC,893.75,4.876123149885534
consumption_pc_monthly,OBC,897.1666666666666,4.884007987244406
consumption_pc_monthly,OBC,899.0,4.8903436283128086
consumption_pc_monthly,OBC,900.0,5.3395923651477055
consumption_pc_monthly,OBC,904.7142857142857,5.560896008173883
consumption_pc_monthly,OBC,905.25,5.668620964990567
consumption_pc_monthly,OBC,907.1428571428571,5.680437330369539
consumption_pc_monthly,OBC,909.0909090909091,5.700138533107383
consumption_pc_monthly,OBC,910.5,5.7007266287114975
consumption_pc_monthly,OBC,911.1666666666666,5.717383892165081
consumption_pc_monthly,OBC,911.7647058823529,5.722567846008759
consumption_pc_monthly,OBC,916.6666666666666,5.743908092976589
consumption_pc_monthly,OBC,916.7142857142857,5.8968020593870865
consumption_pc_monthly,OBC,916.75,5.901615730813359
consumption_pc_monthly,OBC,920.4545454545455,5.903804753339785
consumption_pc_monthly,OBC,923.0769230769231,5.909424333556882
consumption_pc_monthly,OBC,923.5833333333334,5.9197595692662315
consumption_pc_monthly,OBC,927.8333333333334,5.920064507727624
consumption_pc_monthly,OBC,928.5714285714286,6.1671245600821605
consumption_pc_monthly,OBC,929.7,6.251941014986709
consumption_pc_monthly,OBC,931.8181818181819,6.260653542455076
consumption_pc_monthly,OBC,933.2857142857143,6.270171978714266
consumption_pc_monthly,OBC,933.3333333333334,6.296799640789461
consumption_pc_monthly,OBC,936.1666666666666,6.419727958038444
consumption_pc_monthly,OBC,937.5,6.420721730702805
consumption_pc_monthly,OBC,940.0,6.4284268721826425
consumption_pc_monthly,OBC,941.25,6.437885409815487
consumption_pc_monthly,OBC,943.4,6.44138947945667
consumption_pc_monthly,OBC,944.4444444444445,6.4478639764316
consumption_pc_monthly,OBC,944.5,6.492869626135381
consumption_pc_monthly,OBC,945.375,6.496542500996264
consumption_pc_monthly,OBC,946.6,6.534107107709093
consumption_pc_monthly,OBC,950.0,6.798641222967371
consumption_pc_monthly,OBC,952.8333333333334,6.949316217538268
consumption_pc_monthly,OBC,955.0,7.030835525329006
consumption_pc_monthly,OBC,957.1428571428571,7.0325725854930115
consumption_pc_monthly,OBC,960.0,7.182651316465292
consumption_pc_monthly,OBC,962.5,7.207678051618176
consumption_pc_monthly,OBC,965.0,7.212491723044448
consumption_pc_monthly,OBC,966.75,7.213158775928745
consumption_pc_monthly,OBC,968.3,7.221212418507317
consumption_pc_monthly,OBC,969.0,7.226026089933589
consumption_pc_monthly,OBC,971.4285714285714,7.28174814842346
consumption_pc_monthly,OBC,974.5,7.300488795007916
consumption_pc_monthly,OBC,975.0,7.302225855171922
consumption_pc_monthly,OBC,976.6,7.38374516296266
consumption_pc_monthly,OBC,979.1666666666666,7.437849958541216
consumption_pc_monthly,OBC,980.0,7.442826989857521
consumption_pc_monthly,OBC,981.0,7.520259577732628
consumption_pc_monthly,OBC,983.3333333333334,7.6734258106265125
consumption_pc_monthly,OBC,983.4,7.780883946289478
consumption_pc_monthly,OBC,985.0,7.814870971410609
consumption_pc_monthly,OBC,985.7142857142857,7.865798417128043
consumption_pc_monthly,OBC,987.5,7.866451856688171
consumption_pc_monthly,OBC,990.0,7.8989441388155095
consumption_pc_monthly,OBC,991.6666666666666,7.8998080948205915
consumption_pc_monthly,OBC,993.75,7.999719003564085
consumption_pc_monthly,OBC,994.5,8.000023942025477
consumption_pc_monthly,OBC,1000.0,17.588778683693324
consumption_pc_monthly,OBC,1001.3333333333334,17.590205360066268
consumption_pc_monthly,OBC,1001.8888888888889,17.599579495089266
consumption_pc_monthly,OBC,1002.8333333333334,17.617630762937786
consumption_pc_monthly,OBC,1003.3,17.625357685736294
consumption_pc_monthly,OBC,1003.5714285714286,17.630950039305052
consumption_pc_monthly,OBC,1003.9411764705883,17.63143467364548
consumption_pc_monthly,OBC,1004.6666666666666,17.65199351580599
consumption_pc_monthly,OBC,1005.5,17.652897440530836
consumption_pc_monthly,OBC,1007.25,17.7096159943499
consumption_pc_monthly,OBC,1010.0,17.77934888607484
consumption_pc_monthly,OBC,1016.6666666666666,17.77980084843726
consumption_pc_monthly,OBC,1017.8571428571429,17.975957959057865
consumption_pc_monthly,OBC,1018.5555555555555,18.130319441813814
consumption_pc_monthly,OBC,1020.0,18.220597562375094
consumption_pc_monthly,OBC,1025.0,18.33601001780349
consumption_pc_monthly,OBC,1028.5714285714287,18.390833596898183
consumption_pc_monthly,OBC,1030.0,18.405473365709874
consumption_pc_monthly,OBC,1033.3333333333333,18.406987167357503
consumption_pc_monthly,OBC,1033.4,18.4076542202418
consumption_pc_monthly,OBC,1034.6666666666667,18.516860306728105
consumption_pc_monthly,OBC,1039.2857142857142,18.65407716902521
consumption_pc_monthly,OBC,1040.0,18.654353029426176
consumption_pc_monthly,OBC,1041.75,18.691893132155503
consumption_pc_monthly,OBC,1043.75,18.724973509886954
consumption_pc_monthly,OBC,1045.2857142857142,18.740352536654335
consumption_pc_monthly,OBC,1050.0,18.897172585755268
consumption_pc_monthly,OBC,1051.3333333333333,18.906691022014456
consumption_pc_monthly,OBC,1051.888888888889,18.90939735085932
consumption_pc_monthly,OBC,1055.5555555555557,18.9115101387704
consumption_pc_monthly,OBC,1057.142857142857,18.996029823208055
consumption_pc_monthly,OBC,1062.5,19.022771837206275
consumption_pc_monthly,OBC,1063.4,19.02295153308531
consumption_pc_monthly,OBC,1065.0,19.033819104222978
consumption_pc_monthly,OBC,1066.6,19.049950893363622
consumption_pc_monthly,OBC,1066.6666666666667,19.19160025401026
consumption_pc_monthly,OBC,1069.5,19.191779949889295
consumption_pc_monthly,OBC,1069.625,19.279112147100335
consumption_pc_monthly,OBC,1071.4285714285713,19.425317397266774
consumption_pc_monthly,OBC,1072.0,19.48434749352979
consumption_pc_monthly,OBC,1073.4,19.490453123873024
consumption_pc_monthly,OBC,1074.111111111111,19.503086288702157
consumption_pc_monthly,OBC,1075.0,19.727270511122562
consumption_pc_monthly,OBC,1075.888888888889,19.728299678429764
consumption_pc_monthly,OBC,1077.142857142857,19.753616867467123
consumption_pc_monthly,OBC,1078.2857142857142,19.76724326042765
consumption_pc_monthly,OBC,1080.8333333333333,19.769383274987067
consumption_pc_monthly,OBC,1083.3333333333333,20.419796103072045
consumption_pc_monthly,OBC,1083.375,20.425118912822253
consumption_pc_monthly,OBC,1087.5,20.430869180951376
consumption_pc_monthly,OBC,1088.888888888889,20.48171766938863
consumption_pc_monthly,OBC,1089.2857142857142,20.490669791362375
consumption_pc_monthly,OBC,1091.7142857142858,20.49615868366745
consumption_pc_monthly,OBC,1096.6,20.496812123227574
consumption_pc_monthly,OBC,1100.0,21.19649004678903
consumption_pc_monthly,OBC,1101.7,21.28999452517844
consumption_pc_monthly,OBC,1102.125,21.31807609027492
consumption_pc_monthly,OBC,1102.3333333333333,21.32449428254109
consumption_pc_monthly,OBC,1103.4,21.334960206162464
consumption_pc_monthly,OBC,1104.25,21.382723044090202
consumption_pc_monthly,OBC,1107.4,21.44105069282608
consumption_pc_monthly,OBC,1108.25,21.451709925650665
consumption_pc_monthly,OBC,1110.0,21.48423487975601
consumption_pc_monthly,OBC,1111.111111111111,21.910309818217357
consumption_pc_monthly,OBC,1111.4285714285713,21.91606008634648
consumption_pc_monthly,OBC,1112.5,21.951171572043997
consumption_pc_monthly,OBC,1113.7142857142858,21.951884910230472
consumption_pc_monthly,OBC,1114.2857142857142,21.957071586738984
consumption_pc_monthly,OBC,1114.5,21.960400534578053
consumption_pc_monthly,OBC,1116.6666666666667,22.036684157893273
consumption_pc_monthly,OBC,1119.5,22.055078481510858
consumption_pc_monthly,OBC,1120.0,22.152990954266297
consumption_pc_monthly,OBC,1120.8333333333333,22.162509390525486
consumption_pc_monthly,OBC,1122.1666666666667,22.163623504975504
consumption_pc_monthly,OBC,1122.2222222222222,22.201637351385923
consumption_pc_monthly,OBC,1122.375,22.210867185172724
consumption_pc_monthly,OBC,1125.0,23.506170079087074
consumption_pc_monthly,OBC,1126.6,23.509787302678752
consumption_pc_monthly,OBC,1128.125,23.610253635048352
consumption_pc_monthly,OBC,1130.0,23.628468262786907
consumption_pc_monthly,OBC,1130.5,23.704177403822175
consumption_pc_monthly,OBC,1130.6,23.746740823169983
consumption_pc_monthly,OBC,1133.3333333333333,23.750648391739542
consumption_pc_monthly,OBC,1135.5,23.80736694555861
consumption_pc_monthly,OBC,1136.1666666666667,23.808481060008628
consumption_pc_monthly,OBC,1136.3636363636363,23.811127490227143
consumption_pc_monthly,OBC,1138.7142857142858,23.81572607113154
consumption_pc_monthly,OBC,1138.8333333333333,23.820344255222743
consumption_pc_monthly,OBC,1138.888888888889,23.886630253268006
consumption_pc_monthly,OBC,1139.0,23.92570593896363
consumption_pc_monthly,OBC,1140.0,23.928755323577562
consumption_pc_monthly,OBC,1142.1764705882354,23.984678859265138
consumption_pc_monthly,OBC,1142.857142857143,25.33412368590638
consumption_pc_monthly,OBC,1143.0,25.404629814444135
consumption_pc_monthly,OBC,1144.4444444444443,25.46174043199928
consumption_pc_monthly,OBC,1144.7272727272727,25.509833583624662
consumption_pc_monthly,OBC,1145.875,25.512022606151092
consumption_pc_monthly,OBC,1146.6,25.549562708880412
consumption_pc_monthly,OBC,1147.875,25.58328563551266
consumption_pc_monthly,OBC,1148.4,25.592744173145505
consumption_pc_monthly,OBC,1149.75,25.636361263784014
consumption_pc_monthly,OBC,1150.0,26.1019097237265
consumption_pc_monthly,OBC,1150.888888888889,26.104458138011
consumption_pc_monthly,OBC,1152.4285714285713,26.17347769154947
consumption_pc_monthly,OBC,1153.8461538461538,26.179298748964268
consumption_pc_monthly,OBC,1154.1666666666667,26.185914824510558
consumption_pc_monthly,OBC,1154.2,26.21123201354792
consumption_pc_monthly,OBC,1154.25,26.230889653648422
consumption_pc_monthly,OBC,1156.0,26.261960704732484
consumption_pc_monthly,OBC,1156.25,26.341273347128674
consumption_pc_monthly,OBC,1156.6,26.572264231633742
consumption_pc_monthly,OBC,1159.5714285714287,26.575046795093947
consumption_pc_monthly,OBC,1160.0,26.575774617857334
consumption_pc_monthly,OBC,1166.3,26.577255747526955
consumption_pc_monthly,OBC,1166.5,26.60089207220248
consumption_pc_monthly,OBC,1166.6,26.611628084175376
consumption_pc_monthly,OBC,1166.6666666666667,27.282330646228687
consumption_pc_monthly,OBC,1168.75,27.28955387603293
consumption_pc_monthly,OBC,1169.75,27.374631706761527
consumption_pc_monthly,OBC,1170.0,27.381588115412047
consumption_pc_monthly,OBC,1171.4285714285713,27.505259720160673
consumption_pc_monthly,OBC,1173.4,27.583933843200025
consumption_pc_monthly,OBC,1175.0,27.66918864714282
consumption_pc_monthly,OBC,1175.5714285714287,27.6711162938452
consumption_pc_monthly,OBC,1177.7777777777778,27.72580918502787
consumption_pc_monthly,OBC,1178.125,27.72787841030161
consumption_pc_monthly,OBC,1178.5714285714287,27.767280815777294
consumption_pc_monthly,OBC,1181.8181818181818,27.770591576215274
consumption_pc_monthly,OBC,1182.3125,27.801237891585256
consumption_pc_monthly,OBC,1182.5,27.831601049812516
consumption_pc_monthly,OBC,1182.6,27.839265351319842
consumption_pc_monthly,OBC,1183.3333333333333,27.867379588394325
consumption_pc_monthly,OBC,1183.4,27.882593839485963
consumption_pc_monthly,OBC,1185.25,28.002671526653895
consumption_pc_monthly,OBC,1185.375,28.011505267160665
consumption_pc_monthly,OBC,1185.7142857142858,28.14560195555816
consumption_pc_monthly,OBC,1187.5,28.172011804446644
consumption_pc_monthly,OBC,1190.0,28.178627879992934
consumption_pc_monthly,OBC,1190.4,28.209698931077
consumption_pc_monthly,OBC,1190.4285714285713,28.21797583217195
consumption_pc_monthly,OBC,1193.0,28.265738670099687
consumption_pc_monthly,OBC,1194.0,28.273402971607016
consumption_pc_monthly,OBC,1194.4166666666667,28.27533061830939
consumption_pc_monthly,OBC,1194.5,28.50644130006715
consumption_pc_monthly,OBC,1196.6,28.51336231407483
consumption_pc_monthly,OBC,1198.857142857143,28.555138883285647
consumption_pc_monthly,OBC,1200.0,32.659540002160604
consumption_pc_monthly,OBC,1201.3333333333333,32.67058313072676
consumption_pc_monthly,OBC,1202.8333333333333,32.68866162522362
consumption_pc_monthly,OBC,1204.5714285714287,32.71203570282235
consumption_pc_monthly,OBC,1205.5,32.721244844356406
consumption_pc_monthly,OBC,1206.6,32.925542722830265
consumption_pc_monthly,OBC,1207.6,32.92583677063232
consumption_pc_monthly,OBC,1208.25,32.954805924464644
consumption_pc_monthly,OBC,1208.3333333333333,33.11751237493639
consumption_pc_monthly,OBC,1208.4,33.12486585702628
consumption_pc_monthly,OBC,1209.2,33.12557919521275
consumption_pc_monthly,OBC,1210.0,33.1395295852885
consumption_pc_monthly,OBC,1211.857142857143,33.1504311352833
consumption_pc_monthly,OBC,1212.5,33.16302073747509
consumption_pc_monthly,OBC,1213.4,33.16367417703521
consumption_pc_monthly,OBC,1214.2857142857142,33.19862088705698
consumption_pc_monthly,OBC,1215.3333333333333,33.204726517400225
consumption_pc_monthly,OBC,1216.6,33.24376953111784
consumption_pc_monthly,OBC,1216.7142857142858,33.25147194993284
consumption_pc_monthly,OBC,1218.75,33.33014607297219
consumption_pc_monthly,OBC,1220.0,33.34410789824025
consumption_pc_monthly,OBC,1222.1666666666667,33.413767278014674
consumption_pc_monthly,OBC,1222.2222222222222,33.42204962443929
consumption_pc_monthly,OBC,1223.4,33.564352424646046
consumption_pc_monthly,OBC,1223.6666666666667,33.571583822444794
consumption_pc_monthly,OBC,1224.111111111111,33.589978146062386
consumption_pc_monthly,OBC,1225.0,33.59331722221464
consumption_pc_monthly,OBC,1228.5714285714287,33.60527658195068
consumption_pc_monthly,OBC,1229.25,33.60763985502648
consumption_pc_monthly,OBC,1230.0,33.61783351216447
consumption_pc_monthly,OBC,1233.3333333333333,33.61994630007555
consumption_pc_monthly,OBC,1233.375,33.62578641614419
consumption_pc_monthly,OBC,1233.4,33.73992597130946
consumption_pc_monthly,OBC,1233.5,33.740105667188494
consumption_pc_monthly,OBC,1233.857142857143,33.74672174273478
consumption_pc_monthly,OBC,1236.3636363636363,33.752472010863904
consumption_pc_monthly,OBC,1237.5,33.807654981716674
consumption_pc_monthly,OBC,1237.5555555555557,33.8212813746772
consumption_pc_monthly,OBC,1238.142857142857,33.82336693593994
consumption_pc_monthly,OBC,1238.4,33.83288537219913
consumption_pc_monthly,OBC,1239.625,33.86838347630305
consumption_pc_monthly,OBC,1240.0,33.94218675195462
consumption_pc_monthly,OBC,1240.75,34.041822671549895
consumption_pc_monthly,OBC,1241.625,34.04941487689242
consumption_pc_monthly,OBC,1241.75,34.05893331315161
consumption_pc_monthly,OBC,1242.857142857143,34.152437791541026
consumption_pc_monthly,OBC,1244.2727272727273,34.172122658289865
consumption_pc_monthly,OBC,1244.5,34.343111455186225
consumption_pc_monthly,OBC,1245.0,34.40174676504834
consumption_pc_monthly,OBC,1245.2857142857142,34.405144650761
consumption_pc_monthly,OBC,1250.0,38.413925998483826
consumption_pc_monthly,OBC,1253.125,38.47103661603897
consumption_pc_monthly,OBC,1254.125,38.47173144010457
consumption_pc_monthly,OBC,1254.25,38.5954030448532
consumption_pc_monthly,OBC,1255.0,38.599254308713995
consumption_pc_monthly,OBC,1256.25,38.628745778568046
consumption_pc_monthly,OBC,1257.142857142857,38.68278523019059
consumption_pc_monthly,OBC,1257.5,38.68485445546433
consumption_pc_monthly,OBC,1258.25,38.69172918416984
consumption_pc_monthly,OBC,1259.5714285714287,38.6947731234541
consumption_pc_monthly,OBC,1260.4166666666667,38.70061323952274
consumption_pc_monthly,OBC,1261.857142857143,38.70682636067361
consumption_pc_monthly,OBC,1262.5,38.77385836888336
consumption_pc_monthly,OBC,1263.8333333333333,38.78135288501165
consumption_pc_monthly,OBC,1266.5,38.80498920968717
consumption_pc_monthly,OBC,1266.6,38.805634481252795
consumption_pc_monthly,OBC,1266.6666666666667,38.82833203109361
consumption_pc_monthly,OBC,1267.6666666666667,38.85909814371628
consumption_pc_monthly,OBC,1269.4,39.028328099129965
consumption_pc_monthly,OBC,1270.2857142857142,39.02881273347039
consumption_pc_monthly,OBC,1270.8333333333333,39.029400829074504
consumption_pc_monthly,OBC,1271.4285714285713,39.03699303441704
consumption_pc_monthly,OBC,1272.2222222222222,39.10712343520771
consumption_pc_monthly,OBC,1273.857142857143,39.10780410141618
consumption_pc_monthly,OBC,1275.0,39.18819894863053
consumption_pc_monthly,OBC,1277.8333333333333,39.23924564706769
consumption_pc_monthly,OBC,1280.0,39.390574081198714
consumption_pc_monthly,OBC,1281.25,39.39741069259655
consumption_pc_monthly,OBC,1281.6,39.40517028737307
consumption_pc_monthly,OBC,1283.25,39.40581555893869
consumption_pc_monthly,OBC,1283.3333333333333,39.43642103433616
consumption_pc_monthly,OBC,1283.375,39.44168122279519
consumption_pc_monthly,OBC,1285.3333333333333,39.444687044771776
consumption_pc_monthly,OBC,1285.5,39.46006607153916
consumption_pc_monthly,OBC,1285.7142857142858,40.00744030242608
consumption_pc_monthly,OBC,1286.25,40.01817304720118
consumption_pc_monthly,OBC,1286.6,40.04365719004615
consumption_pc_monthly,OBC,1287.0,40.04790454718698
consumption_pc_monthly,OBC,1288.25,40.0493135806918
consumption_pc_monthly,OBC,1288.6363636363637,40.058147321198575
consumption_pc_monthly,OBC,1291.6666666666667,40.069182281770225
consumption_pc_monthly,OBC,1292.857142857143,40.101516649337206
consumption_pc_monthly,OBC,1295.875,40.17391775259933
consumption_pc_monthly,OBC,1298.6,40.1896656459984
consumption_pc_monthly,OBC,1300.0,41.26355718826574
consumption_pc_monthly,OBC,1301.3333333333333,41.311508761319764
consumption_pc_monthly,OBC,1304.1666666666667,41.317973456701296
consumption_pc_monthly,OBC,1304.25,41.31840908307471
consumption_pc_monthly,OBC,1305.5,41.3627803518722
consumption_pc_monthly,OBC,1306.25,41.36750689802379
consumption_pc_monthly,OBC,1309.5714285714287,41.39114322269932
consumption_pc_monthly,OBC,1310.0,41.501857665503586
consumption_pc_monthly,OBC,1310.5,41.66657888795239
consumption_pc_monthly,OBC,1311.25,41.70914230730019
consumption_pc_monthly,OBC,1311.5,41.712993571160986
consumption_pc_monthly,OBC,1312.5,41.8012079117782
consumption_pc_monthly,OBC,1315.3333333333333,41.84208055626417
consumption_pc_monthly,OBC,1316.6,41.849567884557295
consumption_pc_monthly,OBC,1316.6666666666667,42.02405258310034
consumption_pc_monthly,OBC,1319.0,42.19431170582123
consumption_pc_monthly,OBC,1320.0,42.231078571737726
consumption_pc_monthly,OBC,1323.6666666666667,42.23179735525387
consumption_pc_monthly,OBC,1325.0,42.527157481761165
consumption_pc_monthly,OBC,1326.0,42.55697066169198
consumption_pc_monthly,OBC,1327.5,42.72003105859213
consumption_pc_monthly,OBC,1328.5714285714287,42.738368206248204
consumption_pc_monthly,OBC,1329.125,42.768731364475464
consumption_pc_monthly,OBC,1330.0,42.76893469308526
consumption_pc_monthly,OBC,1330.8,42.82542454305828
consumption_pc_monthly,OBC,1332.75,42.885840475721736
consumption_pc_monthly,OBC,1333.25,42.90197226486239
consumption_pc_monthly,OBC,1333.2857142857142,42.91038529919903
consumption_pc_monthly,OBC,1333.3333333333333,46.15370108188635
consumption_pc_monthly,OBC,1333.4,46.15805549420844
consumption_pc_monthly,OBC,1333.5,46.158235190087474
consumption_pc_monthly,OBC,1334.6666666666667,46.17303973457491
consumption_pc_monthly,OBC,1335.5,46.22013236132714
consumption_pc_monthly,OBC,1336.1666666666667,46.22113212385413
consumption_pc_monthly,OBC,1337.5714285714287,46.251898236476805
consumption_pc_monthly,OBC,1338.8333333333333,46.25962515927531
consumption_pc_monthly,OBC,1339.6666666666667,46.28299923687403
consumption_pc_monthly,OBC,1340.0,46.35892891376085
consumption_pc_monthly,OBC,1340.3333333333333,46.361166944254286
consumption_pc_monthly,OBC,1341.6666666666667,46.43395194325798
consumption_pc_monthly,OBC,1342.125,46.59201897285282
consumption_pc_monthly,OBC,1342.75,46.60900840141613
consumption_pc_monthly,OBC,1344.2857142857142,46.69412162678758
consumption_pc_monthly,OBC,1344.4444444444443,46.69797289064837
consumption_pc_monthly,OBC,1346.6,46.75451937204994
consumption_pc_monthly,OBC,1347.5714285714287,46.761647308585
consumption_pc_monthly,OBC,1350.0,46.925352977050764
consumption_pc_monthly,OBC,1352.0,46.943191877042246
consumption_pc_monthly,OBC,1352.125,46.96298565038444
consumption_pc_monthly,OBC,1353.5714285714287,46.97069623719395
consumption_pc_monthly,OBC,1354.1666666666667,46.97521586081816
consumption_pc_monthly,OBC,1354.25,47.07882556419175
consumption_pc_monthly,OBC,1357.142857142857,47.22049942882189
consumption_pc_monthly,OBC,1357.6666666666667,47.22115831371168
consumption_pc_monthly,OBC,1358.5,47.22171983610702
consumption_pc_monthly,OBC,1360.0,47.337620955419794
consumption_pc_monthly,OBC,1361.111111111111,47.34404644442772
consumption_pc_monthly,OBC,1361.6,47.39199801748174
consumption_pc_monthly,OBC,1361.857142857143,47.401207159015804
consumption_pc_monthly,OBC,1362.5,47.47267711090474
consumption_pc_monthly,OBC,1363.4,47.472856806783774
consumption_pc_monthly,OBC,1363.6,47.52010048698099
consumption_pc_monthly,OBC,1363.6363636363637,47.5445908571616
consumption_pc_monthly,OBC,1363.8333333333333,47.60231135163953
consumption_pc_monthly,OBC,1366.6666666666667,47.68909357055413
consumption_pc_monthly,OBC,1366.75,47.689760623438424
consumption_pc_monthly,OBC,1367.0,47.6945906308537
consumption_pc_monthly,OBC,1367.111111111111,47.70070301340573
consumption_pc_monthly,OBC,1367.5,47.70118764774615
consumption_pc_monthly,OBC,1370.0,47.72574608454761
consumption_pc_monthly,OBC,1371.4285714285713,47.854898413606804
consumption_pc_monthly,OBC,1372.2222222222222,47.85573699437563
consumption_pc_monthly,OBC,1375.0,48.1231621440611
consumption_pc_monthly,OBC,1376.6,48.154902970694295
consumption_pc_monthly,OBC,1377.0,48.15508266657332
consumption_pc_monthly,OBC,1377.6666666666667,48.189069691694456
consumption_pc_monthly,OBC,1377.7777777777778,48.226560786456766
consumption_pc_monthly,OBC,1380.0,48.2386548636488
consumption_pc_monthly,OBC,1383.4,48.2455295923543
consumption_pc_monthly,OBC,1385.7142857142858,48.24793642806744
consumption_pc_monthly,OBC,1387.5,48.491734727951005
consumption_pc_monthly,OBC,1388.8333333333333,48.61647819139143
consumption_pc_monthly,OBC,1388.888888888889,48.820027337035974
consumption_pc_monthly,OBC,1390.0,48.83263872054643
consumption_pc_monthly,OBC,1391.6,48.835737113127365
consumption_pc_monthly,OBC,1391.75,48.88349995105511
consumption_pc_monthly,OBC,1392.857142857143,49.159134370841045
consumption_pc_monthly,OBC,1393.75,49.25877029043632
consumption_pc_monthly,OBC,1394.888888888889,49.26360029785159
consumption_pc_monthly,OBC,1395.0,49.27647850251577
consumption_pc_monthly,OBC,1395.875,49.277111576542936
consumption_pc_monthly,OBC,1399.4,49.479922880017504
consumption_pc_monthly,OBC,1400.0,52.064190413019574
consumption_pc_monthly,OBC,1401.0,52.06728880560051
consumption_pc_monthly,OBC,1402.6666666666667,52.21756629110567
consumption_pc_monthly,OBC,1402.8333333333333,52.22038424920872
consumption_pc_monthly,OBC,1404.6,52.28777564917654
consumption_pc_monthly,OBC,1406.0,52.291227988185874
consumption_pc_monthly,OBC,1406.6,52.29756362925427
consumption_pc_monthly,OBC,1407.142857142857,52.36800441383601
consumption_pc_monthly,OBC,1408.25,52.36911852828603
consumption_pc_monthly,OBC,1408.6,52.47779369512974
consumption_pc_monthly,OBC,1408.7142857142858,52.48000449897483
consumption_pc_monthly,OBC,1410.5,52.49095647272235
consumption_pc_monthly,OBC,1411.8333333333333,52.61170665810424
consumption_pc_monthly,OBC,1412.0555555555557,52.6145817921688
consumption_pc_monthly,OBC,1412.5,52.616721806728215
consumption_pc_monthly,OBC,1414.2857142857142,52.62613133639405
consumption_pc_monthly,OBC,1415.4,52.82894263986863
consumption_pc_monthly,OBC,1416.25,52.8346330093714
consumption_pc_monthly,OBC,1416.5,53.09810887926204
consumption_pc_monthly,OBC,1416.6,53.21661014349116
consumption_pc_monthly,OBC,1416.625,53.374677173086006
consumption_pc_monthly,OBC,1416.6666666666667,53.698150338695264
consumption_pc_monthly,OBC,1417.0,53.70774773223464
consumption_pc_monthly,OBC,1418.0,53.71199508937546
consumption_pc_monthly,OBC,1420.0,53.9072455526064
consumption_pc_monthly,OBC,1421.6,53.917831273480466
consumption_pc_monthly,OBC,1422.6,53.92090788474273
consumption_pc_monthly,OBC,1425.0,54.03653946023695
consumption_pc_monthly,OBC,1425.4,54.03773198743419
consumption_pc_monthly,OBC,1426.6,54.05313867647629
consumption_pc_monthly,OBC,1427.8333333333333,54.12215823001475
consumption_pc_monthly,OBC,1428.5714285714287,54.85985686110196
consumption_pc_monthly,OBC,1428.6666666666667,54.87458103252351
consumption_pc_monthly,OBC,1429.142857142857,54.89457900572824
consumption_pc_monthly,OBC,1429.25,54.899901815478444
consumption_pc_monthly,OBC,1430.0,54.903966754075405
consumption_pc_monthly,OBC,1430.25,54.90945564638048
consumption_pc_monthly,OBC,1430.5,55.00674462888896
consumption_pc_monthly,OBC,1431.25,55.008813854162696
consumption_pc_monthly,OBC,1433.3333333333333,55.028438822285196
consumption_pc_monthly,OBC,1433.4,55.06207843537353
consumption_pc_monthly,OBC,1434.75,55.09571804846186
consumption_pc_monthly,OBC,1435.5,55.10284598499692
consumption_pc_monthly,OBC,1437.5,55.11438463856284
consumption_pc_monthly,OBC,1438.142857142857,55.11455344378254
consumption_pc_monthly,OBC,1438.8333333333333,55.114733139661574
consumption_pc_monthly,OBC,1440.0,55.2240699140599
consumption_pc_monthly,OBC,1440.3846153846155,55.22895437477185
consumption_pc_monthly,OBC,1440.4285714285713,55.256856243989304
consumption_pc_monthly,OBC,1442.6,55.32691041016464
consumption_pc_monthly,OBC,1443.4,55.32969297362486
consumption_pc_monthly,OBC,1443.75,55.335334335160624
consumption_pc_monthly,OBC,1444.4444444444443,55.58104394575756
consumption_pc_monthly,OBC,1444.5,55.625693797620855
consumption_pc_monthly,OBC,1446.875,55.626227439928286
consumption_pc_monthly,OBC,1448.0,55.6339870347048
consumption_pc_monthly,OBC,1448.4,55.74156638340617
consumption_pc_monthly,OBC,1449.25,55.74380441389961
consumption_pc_monthly,OBC,1450.0,56.00619372270836
consumption_pc_monthly,OBC,1450.4285714285713,56.0096460617177
consumption_pc_monthly,OBC,1452.4285714285713,56.021260949898966
consumption_pc_monthly,OBC,1453.4,56.03707963258372
consumption_pc_monthly,OBC,1454.25,56.19144111533967
consumption_pc_monthly,OBC,1456.0,56.19181684308674
consumption_pc_monthly,OBC,1457.142857142857,56.19254738851496
consumption_pc_monthly,OBC,1458.25,56.219730474216256
consumption_pc_monthly,OBC,1458.3333333333333,56.36288819118085
consumption_pc_monthly,OBC,1460.0,56.52912321527728
consumption_pc_monthly,OBC,1462.5,56.617857584877754
consumption_pc_monthly,OBC,1463.6363636363637,56.62552188638508
consumption_pc_monthly,OBC,1464.2857142857142,56.67941975943626
consumption_pc_monthly,OBC,1464.6,56.68154888333634
consumption_pc_monthly,OBC,1466.5,56.68801521231677
consumption_pc_monthly,OBC,1466.6666666666667,56.73006404801097
consumption_pc_monthly,OBC,1466.75,56.733257733861095
consumption_pc_monthly,OBC,1467.0,56.86804053379673
consumption_pc_monthly,OBC,1472.1666666666667,56.88018361895576
consumption_pc_monthly,OBC,1475.0,56.8819479057681
consumption_pc_monthly,OBC,1476.142857142857,56.9101274867986
consumption_pc_monthly,OBC,1476.1666666666667,56.929796017558445
consumption_pc_monthly,OBC,1479.7142857142858,56.9510981472186
consumption_pc_monthly,OBC,1480.0,57.087318514186514
consumption_pc_monthly,OBC,1480.6666666666667,57.123102498098
consumption_pc_monthly,OBC,1481.25,57.124474721174266
consumption_pc_monthly,OBC,1483.4,57.13529644263613
consumption_pc_monthly,OBC,1485.7142857142858,57.197198950298876
consumption_pc_monthly,OBC,1486.0833333333333,57.20032729219299
consumption_pc_monthly,OBC,1486.1666666666667,57.26715237787536
consumption_pc_monthly,OBC,1487.5,57.36810062192056
consumption_pc_monthly,OBC,1488.8333333333333,57.37898855859118
consumption_pc_monthly,OBC,1488.888888888889,57.38119936243628
consumption_pc_monthly,OBC,1489.0,57.38727635034546
consumption_pc_monthly,OBC,1491.6666666666667,57.4148932110081
consumption_pc_monthly,OBC,1491.75,57.43315837140598
consumption_pc_monthly,OBC,1492.5,57.45847556044333
consumption_pc_monthly,OBC,1493.75,57.54619982139045
consumption_pc_monthly,OBC,1494.2857142857142,57.549265541993385
consumption_pc_monthly,OBC,1495.0,57.59396080790611
consumption_pc_monthly,OBC,1495.75,57.680182157864934
consumption_pc_monthly,OBC,1495.8333333333333,57.68356370758859
consumption_pc_monthly,OBC,1496.0,57.791021843251556
consumption_pc_monthly,OBC,1496.5,57.82178795587423
consumption_pc_monthly,OBC,1498.0,57.895844439355336
consumption_pc_monthly,OBC,1500.0,69.10186383484412
consumption_pc_monthly,OBC,1501.6,69.11190502275142
consumption_pc_monthly,OBC,1503.4,69.11290478527842
consumption_pc_monthly,OBC,1504.1666666666667,69.11359960934402
consumption_pc_monthly,OBC,1504.25,69.12722600230455
consumption_pc_monthly,OBC,1504.7142857142858,69.13120109296199
consumption_pc_monthly,OBC,1505.0,69.1389724496506
consumption_pc_monthly,OBC,1505.5,69.15003735953542
consumption_pc_monthly,OBC,1506.6,69.15261844579791
consumption_pc_monthly,OBC,1506.75,69.19406284989901
consumption_pc_monthly,OBC,1507.142857142857,69.24702957157702
consumption_pc_monthly,OBC,1508.2857142857142,69.25004269029536
consumption_pc_monthly,OBC,1508.4,69.30143571169938
consumption_pc_monthly,OBC,1509.5714285714287,69.31216845647448
consumption_pc_monthly,OBC,1510.0,69.31234815235351
consumption_pc_monthly,OBC,1510.375,69.31478493737981
consumption_pc_monthly,OBC,1510.5,69.31760289548286
consumption_pc_monthly,OBC,1511.0,69.44899325503549
consumption_pc_monthly,OBC,1511.4,69.53005243246932
consumption_pc_monthly,OBC,1511.857142857143,69.60210775729753
consumption_pc_monthly,OBC,1512.5,69.61884942336097
consumption_pc_monthly,OBC,1514.2,69.73959960874286
consumption_pc_monthly,OBC,1516.6,69.74441262672958
consumption_pc_monthly,OBC,1516.6666666666667,69.74495530828426
consumption_pc_monthly,OBC,1516.75,69.74780866103015
consumption_pc_monthly,OBC,1516.857142857143,69.74846754591995
consumption_pc_monthly,OBC,1518.75,69.79608695386423
consumption_pc_monthly,OBC,1520.0,69.85860315018053
consumption_pc_monthly,OBC,1520.75,69.85937638699335
consumption_pc_monthly,OBC,1520.8333333333333,69.86177233204714
consumption_pc_monthly,OBC,1521.0,69.8954952586794
consumption_pc_monthly,OBC,1524.5,69.95591119134285
consumption_pc_monthly,OBC,1525.0,70.18873170661627
consumption_pc_monthly,OBC,1526.6,70.19313153298779
consumption_pc_monthly,OBC,1527.8333333333333,70.19748779672199
consumption_pc_monthly,OBC,1528.0,70.26754196289731
consumption_pc_monthly,OBC,1529.125,70.27378231069653
consumption_pc_monthly,OBC,1530.8,70.27989469324855
consumption_pc_monthly,OBC,1533.3333333333333,70.28635938863007
consumption_pc_monthly,OBC,1533.5,70.29246501897332
consumption_pc_monthly,OBC,1536.0,70.33765308722096
consumption_pc_monthly,OBC,1536.8,70.34315831551504
consumption_pc_monthly,OBC,1537.0,70.34354493392145
consumption_pc_monthly,OBC,1537.5,70.34814623749068
consumption_pc_monthly,OBC,1539.0,70.48536309978779
consumption_pc_monthly,OBC,1540.0,70.53025439756854
consumption_pc_monthly,OBC,1541.6666666666667,70.60284064203938
consumption_pc_monthly,OBC,1543.4,70.62882847787861
consumption_pc_monthly,OBC,1546.6,70.6657695943445
consumption_pc_monthly,OBC,1549.5,70.72313614239403
consumption_pc_monthly,OBC,1550.0,70.7989844660556
consumption_pc_monthly,OBC,1550.5,70.80622947717852
consumption_pc_monthly,OBC,1555.5,70.87523269472798
consumption_pc_monthly,OBC,1555.5555555555557,70.88732132659035
consumption_pc_monthly,OBC,1557.0,70.94381117656337
consumption_pc_monthly,OBC,1557.142857142857,70.9458967378261
consumption_pc_monthly,OBC,1560.0,71.0479694424477
consumption_pc_monthly,OBC,1560.5,71.13221413773712
consumption_pc_monthly,OBC,1561.0,71.35351778076331
consumption_pc_monthly,OBC,1562.5,71.40767158430887
consumption_pc_monthly,OBC,1563.4,71.41076997688981
consumption_pc_monthly,OBC,1566.6,71.41931642180332
consumption_pc_monthly,OBC,1566.6666666666667,71.52061588961207
consumption_pc_monthly,OBC,1566.75,71.5267215199553
consumption_pc_monthly,OBC,1567.0,71.61183474532675
consumption_pc_monthly,OBC,1570.0,71.63110511358127
consumption_pc_monthly,OBC,1570.75,71.71534980887071
consumption_pc_monthly,OBC,1571.4285714285713,71.93319022222822
consumption_pc_monthly,OBC,1573.4,71.99837081835093
consumption_pc_monthly,OBC,1576.0,72.02555390405223
consumption_pc_monthly,OBC,1576.3333333333333,72.09237898973461
consumption_pc_monthly,OBC,1577.6666666666667,72.10008957654411
consumption_pc_monthly,OBC,1579.25,72.10929871807818
consumption_pc_monthly,OBC,1580.0,72.11304826318077
consumption_pc_monthly,OBC,1581.25,72.11404802570777
consumption_pc_monthly,OBC,1581.75,72.28427447645066
consumption_pc_monthly,OBC,1582.142857142857,72.28575560612029
consumption_pc_monthly,OBC,1583.3333333333333,72.4703554401475
consumption_pc_monthly,OBC,1583.5,72.48326631678968
consumption_pc_monthly,OBC,1585.0,72.56837954216113
consumption_pc_monthly,OBC,1586.0,72.62343182510186
consumption_pc_monthly,OBC,1588.0,72.6264975457048
consumption_pc_monthly,OBC,1590.0,72.6375842369083
consumption_pc_monthly,OBC,1591.75,72.6421828178127
consumption_pc_monthly,OBC,1592.857142857143,72.6498852366277
consumption_pc_monthly,OBC,1593.4,72.65051831065486
consumption_pc_monthly,OBC,1594.5,72.65220636285186
consumption_pc_monthly,OBC,1596.0,72.77881027762656
consumption_pc_monthly,OBC,1596.3333333333333,72.78274725097633
consumption_pc_monthly,OBC,1597.1666666666667,72.78506696141478
consumption_pc_monthly,OBC,1597.3333333333333,72.78544268916185
consumption_pc_monthly,OBC,1600.0,75.0084464686606
consumption_pc_monthly,OBC,1601.6,75.03775323293232
consumption_pc_monthly,OBC,1604.25,75.08823971585326
consumption_pc_monthly,OBC,1608.25,75.0922148065107
consumption_pc_monthly,OBC,1608.4,75.15435963134365
consumption_pc_monthly,OBC,1608.5,75.15661944315576
consumption_pc_monthly,OBC,1610.8,75.15969605441802
consumption_pc_monthly,OBC,1611.1666666666667,75.16753188380989
consumption_pc_monthly,OBC,1611.6,75.18115827677042
consumption_pc_monthly,OBC,1611.857142857143,75.18803300547593
consumption_pc_monthly,OBC,1612.5,75.24372783731746
consumption_pc_monthly,OBC,1613.4,75.24442266138307
consumption_pc_monthly,OBC,1614.625,75.25635065602023
consumption_pc_monthly,OBC,1615.0,75.26693637689431
consumption_pc_monthly,OBC,1617.0,75.26715419008102
consumption_pc_monthly,OBC,1618.75,75.268153952608
consumption_pc_monthly,OBC,1620.0,75.32013321820406
consumption_pc_monthly,OBC,1620.75,75.32801805556294
consumption_pc_monthly,OBC,1621.8,75.42765397515822
consumption_pc_monthly,OBC,1622.1666666666667,75.43584919630814
consumption_pc_monthly,OBC,1622.3333333333333,75.452239638608
consumption_pc_monthly,OBC,1624.25,75.4527823201627
consumption_pc_monthly,OBC,1625.0,75.71441952003775
consumption_pc_monthly,OBC,1626.7,75.74805913312608
consumption_pc_monthly,OBC,1628.5714285714287,75.7526277647173
consumption_pc_monthly,OBC,1633.4,75.81336649652346
consumption_pc_monthly,OBC,1633.5,75.94814929645909
consumption_pc_monthly,OBC,1635.5,76.01150570714312
consumption_pc_monthly,OBC,1640.0,76.03513299257139
consumption_pc_monthly,OBC,1640.625,76.05483419530923
consumption_pc_monthly,OBC,1640.75,76.09107830957763
consumption_pc_monthly,OBC,1641.6666666666667,76.09987796232069
consumption_pc_monthly,OBC,1641.75,76.10245904858319
consumption_pc_monthly,OBC,1642.857142857143,76.15007845652747
consumption_pc_monthly,OBC,1644.5,76.1907714051344
consumption_pc_monthly,OBC,1645.0,76.23574982818985
consumption_pc_monthly,OBC,1646.6,76.24334203353239
consumption_pc_monthly,OBC,1650.0,76.35067677802508
consumption_pc_monthly,OBC,1656.25,76.4623686575047
consumption_pc_monthly,OBC,1658.3333333333333,76.4672490886727
consumption_pc_monthly,OBC,1662.5,76.47122417933014
consumption_pc_monthly,OBC,1663.4,76.48891061009093
consumption_pc_monthly,OBC,1663.8333333333333,76.5370037617163
consumption_pc_monthly,OBC,1666.6,76.54062098530798
consumption_pc_monthly,OBC,1666.6666666666667,78.29571749695874
consumption_pc_monthly,OBC,1666.75,78.29891118280887
consumption_pc_monthly,OBC,1669.6666666666667,78.3106023056055
consumption_pc_monthly,OBC,1670.142857142857,78.36565458854624
consumption_pc_monthly,OBC,1671.4285714285713,78.36836636272075
consumption_pc_monthly,OBC,1674.6,78.41161317094186
consumption_pc_monthly,OBC,1675.0,78.54284703171984
consumption_pc_monthly,OBC,1676.0,78.58371967620582
consumption_pc_monthly,OBC,1677.7777777777778,78.59206192125679
consumption_pc_monthly,OBC,1678.4,78.76805497611778
consumption_pc_monthly,OBC,1678.5,78.8071306618134
consumption_pc_monthly,OBC,1678.5714285714287,78.85926969338192
consumption_pc_monthly,OBC,1680.0,78.87035638458542
consumption_pc_monthly,OBC,1680.5,78.89449008567279
consumption_pc_monthly,OBC,1680.6666666666667,78.90369922720684
consumption_pc_monthly,OBC,1683.25,78.914742355773
consumption_pc_monthly,OBC,1686.1666666666667,78.91745412994753
consumption_pc_monthly,OBC,1687.3333333333333,79.08051452684768
consumption_pc_monthly,OBC,1687.5,79.0958894151645
consumption_pc_monthly,OBC,1692.75,79.15803423999746
consumption_pc_monthly,OBC,1694.5,79.17672261141712
consumption_pc_monthly,OBC,1697.142857142857,79.17697309658183
consumption_pc_monthly,OBC,1700.0,79.64448122176513
consumption_pc_monthly,OBC,1701.6,79.66064296021895
consumption_pc_monthly,OBC,1704.25,79.67494511859124
consumption_pc_monthly,OBC,1705.0,79.89912934101166
consumption_pc_monthly,OBC,1705.6666666666667,79.90183022452685
consumption_pc_monthly,OBC,1706.0,79.90389944980059
consumption_pc_monthly,OBC,1706.6,79.91294283549956
consumption_pc_monthly,OBC,1709.3333333333333,79.91342746983999
consumption_pc_monthly,OBC,1713.4,79.91485414621293
consumption_pc_monthly,OBC,1714.0,79.9353122497746
consumption_pc_monthly,OBC,1714.2857142857142,79.9812436055219
consumption_pc_monthly,OBC,1718.888888888889,79.9914862706269
consumption_pc_monthly,OBC,1719.4444444444443,79.99919685743639
consumption_pc_monthly,OBC,1725.0,80.11799761479725
consumption_pc_monthly,OBC,1726.888888888889,80.13302672468018
consumption_pc_monthly,OBC,1727.8333333333333,80.13534098978896
consumption_pc_monthly,OBC,1731.25,80.13671321286523
consumption_pc_monthly,OBC,1733.3333333333333,80.15954003483236
consumption_pc_monthly,OBC,1737.5,80.17663564732419
consumption_pc_monthly,OBC,1743.0,80.319150815388
consumption_pc_monthly,OBC,1746.3333333333333,80.3530234885861
consumption_pc_monthly,OBC,1748.0,80.35471426344793
consumption_pc_monthly,OBC,1750.0,82.08126668370026
consumption_pc_monthly,OBC,1760.0,82.12189973368086
consumption_pc_monthly,OBC,1762.5,82.13219521848364
consumption_pc_monthly,OBC,1763.8333333333333,82.13258183689005
consumption_pc_monthly,OBC,1766.5,82.2199140341011
consumption_pc_monthly,OBC,1766.6666666666667,82.27170456457087
consumption_pc_monthly,OBC,1770.0,82.29137309533071
consumption_pc_monthly,OBC,1775.0,82.46714289167534
consumption_pc_monthly,OBC,1776.0,82.50947488451227
consumption_pc_monthly,OBC,1776.5,82.51141342187398
consumption_pc_monthly,OBC,1777.7777777777778,82.51580998104771
consumption_pc_monthly,OBC,1778.4,82.53461412017609
consumption_pc_monthly,OBC,1783.0,82.53527300506587
consumption_pc_monthly,OBC,1783.25,82.54375868010028
consumption_pc_monthly,OBC,1783.2857142857142,82.54632887570345
consumption_pc_monthly,OBC,1783.4,82.5870218243104
consumption_pc_monthly,OBC,1784.3333333333333,82.6232659385788
consumption_pc_monthly,OBC,1785.7142857142858,82.62823207923576
consumption_pc_monthly,OBC,1788.375,82.63447242703498
consumption_pc_monthly,OBC,1790.0,82.64421956714021
consumption_pc_monthly,OBC,1792.3333333333333,82.64761745285287
consumption_pc_monthly,OBC,1799.2,82.72867663028669
consumption_pc_monthly,OBC,1800.0,84.42711524909096
consumption_pc_monthly,OBC,1801.75,84.49677462886538
consumption_pc_monthly,OBC,1805.6666666666667,84.49911067529283
consumption_pc_monthly,OBC,1807.142857142857,84.50012350661102
consumption_pc_monthly,OBC,1808.5,84.54273865659067
consumption_pc_monthly,OBC,1813.4,84.54436681016134
consumption_pc_monthly,OBC,1818.1818181818182,84.62965700874697
consumption_pc_monthly,OBC,1820.0,84.64697315709036
consumption_pc_monthly,OBC,1825.0,84.70998291808773
consumption_pc_monthly,OBC,1831.25,84.76770341256567
consumption_pc_monthly,OBC,1833.0,84.78650755169404
consumption_pc_monthly,OBC,1833.3333333333333,84.99664859562115
consumption_pc_monthly,OBC,1835.5,85.06000500630518
consumption_pc_monthly,OBC,1837.5,85.06572042432443
consumption_pc_monthly,OBC,1840.25,85.0710731833878
consumption_pc_monthly,OBC,1840.3333333333333,85.0717320682776
consumption_pc_monthly,OBC,1840.5,85.07862041030727
consumption_pc_monthly,OBC,1845.0,85.080624291625
consumption_pc_monthly,OBC,1847.3333333333333,85.22306867040312
consumption_pc_monthly,OBC,1850.0,85.24971136158818
consumption_pc_monthly,OBC,1857.142857142857,85.28776877063594
consumption_pc_monthly,OBC,1860.0,85.28957117475596
consumption_pc_monthly,OBC,1866.6666666666667,85.44931209869067
consumption_pc_monthly,OBC,1867.0,85.5032862063572
consumption_pc_monthly,OBC,1869.0,85.5038089580053
consumption_pc_monthly,OBC,1870.0,85.50535543163093
consumption_pc_monthly,OBC,1872.5,85.53470031321034
consumption_pc_monthly,OBC,1875.0,85.59864024542155
consumption_pc_monthly,OBC,1875.6363636363637,85.600878275915
consumption_pc_monthly,OBC,1879.25,85.7433934439788
consumption_pc_monthly,OBC,1881.25,85.77101030464144
consumption_pc_monthly,OBC,1886.625,85.77651553293552
consumption_pc_monthly,OBC,1891.6666666666667,85.78132920436178
consumption_pc_monthly,OBC,1892.857142857143,85.89966438603605
consumption_pc_monthly,OBC,1897.3,85.90223458163922
consumption_pc_monthly,OBC,1898.4,85.90440726817664
consumption_pc_monthly,OBC,1900.0,86.15344593551923
consumption_pc_monthly,OBC,1901.3333333333333,86.32943899038024
consumption_pc_monthly,OBC,1908.25,86.33528727444337
consumption_pc_monthly,OBC,1909.090909090909,86.35284301729213
consumption_pc_monthly,OBC,1916.6666666666667,86.3543677095991
consumption_pc_monthly,OBC,1916.75,86.35668742003755
consumption_pc_monthly,OBC,1919.0,86.3620374564361
consumption_pc_monthly,OBC,1920.0,86.38578998444673
consumption_pc_monthly,OBC,1925.0,86.38632362675416
consumption_pc_monthly,OBC,1925.5333333333333,86.39182885504823
consumption_pc_monthly,OBC,1926.0,86.39907386617115
consumption_pc_monthly,OBC,1933.5,86.52357043836444
consumption_pc_monthly,OBC,1936.1666666666667,86.54992583395624
consumption_pc_monthly,OBC,1936.6,86.55405339384437
consumption_pc_monthly,OBC,1937.5,86.55423308972341
consumption_pc_monthly,OBC,1939.3333333333333,86.63934631509484
consumption_pc_monthly,OBC,1942.0,86.68181444117347
consumption_pc_monthly,OBC,1944.3333333333333,86.68752985919271
consumption_pc_monthly,OBC,1950.0,86.69059013446598
consumption_pc_monthly,OBC,1952.0,86.69653643446313
consumption_pc_monthly,OBC,1958.25,86.84737631361637
consumption_pc_monthly,OBC,1964.5,86.84883021663765
consumption_pc_monthly,OBC,1966.5,86.85100061613662
consumption_pc_monthly,OBC,1966.6,86.8542787045966
consumption_pc_monthly,OBC,1969.3333333333333,86.99672308337472
consumption_pc_monthly,OBC,1972.1666666666667,87.00603459710653
consumption_pc_monthly,OBC,1972.3333333333333,87.00837064353398
consumption_pc_monthly,OBC,1975.0,87.1281635399603
consumption_pc_monthly,OBC,1980.0,87.17790662647499
consumption_pc_monthly,OBC,1981.0,87.20873263772401
consumption_pc_monthly,OBC,1983.3333333333333,87.21519733310555
consumption_pc_monthly,OBC,1986.0,87.25989259901826
consumption_pc_monthly,OBC,1989.5,87.29839107976912
consumption_pc_monthly,OBC,1993.75,87.35394705570411
consumption_pc_monthly,OBC,1993.857142857143,87.35460594059391
consumption_pc_monthly,OBC,1995.2857142857142,87.36412982218276
consumption_pc_monthly,OBC,2000.0,92.16032086896908
consumption_pc_monthly,OBC,2000.3333333333333,92.16859777006403
consumption_pc_monthly,OBC,2003.4,92.17679299121396
consumption_pc_monthly,OBC,2004.0,92.20123163076272
consumption_pc_monthly,OBC,2004.2857142857142,92.20189051565252
consumption_pc_monthly,OBC,2006.6,92.2055077392442
consumption_pc_monthly,OBC,2008.25,92.20615301080983
consumption_pc_monthly,OBC,2008.3333333333333,92.21709812344196
consumption_pc_monthly,OBC,2008.5,92.22593186394873
consumption_pc_monthly,OBC,2011.6,92.23027723702357
consumption_pc_monthly,OBC,2012.5,92.38940610590362
consumption_pc_monthly,OBC,2016.5,92.39334307925338
consumption_pc_monthly,OBC,2025.0,92.45596709309712
consumption_pc_monthly,OBC,2025.8333333333333,92.46332057518701
consumption_pc_monthly,OBC,2027.8333333333333,92.50163228113026
consumption_pc_monthly,OBC,2029.0,92.52881536683155
consumption_pc_monthly,OBC,2031.2,92.54050648962817
consumption_pc_monthly,OBC,2033.3333333333333,92.5469711850097
consumption_pc_monthly,OBC,2033.4,92.55384319105036
consumption_pc_monthly,OBC,2036.3333333333333,92.56553431384698
consumption_pc_monthly,OBC,2038.142857142857,92.56619319873677
consumption_pc_monthly,OBC,2039.6666666666667,92.57788432153338
consumption_pc_monthly,OBC,2041.6666666666667,92.6656085824805
consumption_pc_monthly,OBC,2041.75,92.67654977447528
consumption_pc_monthly,OBC,2049.0,92.67709245602995
consumption_pc_monthly,OBC,2050.0,92.84535673668036
consumption_pc_monthly,OBC,2052.6,92.84811751882191
consumption_pc_monthly,OBC,2060.6666666666665,93.12445438613499
consumption_pc_monthly,OBC,2062.5,93.15078527774328
consumption_pc_monthly,OBC,2065.0,93.15628506070769
consumption_pc_monthly,OBC,2068.4,93.1643659299346
consumption_pc_monthly,OBC,2073.3333333333335,93.20043579365364
consumption_pc_monthly,OBC,2079.4,93.20235799502635
consumption_pc_monthly,OBC,2081.25,93.23599760811467
consumption_pc_monthly,OBC,2082.6,93.27573490136493
consumption_pc_monthly,OBC,2086.1111111111113,93.27765710273763
consumption_pc_monthly,OBC,2093.4,93.30662625656994
consumption_pc_monthly,OBC,2094.3333333333335,93.50278336719056
consumption_pc_monthly,OBC,2098.0,93.52158750631894
consumption_pc_monthly,OBC,2100.0,93.59983014143542
consumption_pc_monthly,OBC,2105.0,93.60208450791785
consumption_pc_monthly,OBC,2109.0,93.60465470352102
consumption_pc_monthly,OBC,2116.5,93.60490518868573
consumption_pc_monthly,OBC,2116.6666666666665,93.61599187988922
consumption_pc_monthly,OBC,2116.75,93.63407037438608
consumption_pc_monthly,OBC,2118.0,93.63746826009876
consumption_pc_monthly,OBC,2122.0,93.64939625473592
consumption_pc_monthly,OBC,2122.3333333333335,93.81367640548164
consumption_pc_monthly,OBC,2123.0,93.89494250544284
consumption_pc_monthly,OBC,2125.0,94.03382563861827
consumption_pc_monthly,OBC,2130.0,94.1708437463825
consumption_pc_monthly,OBC,2131.25,94.17267882248052
consumption_pc_monthly,OBC,2133.285714285714,94.20631843556886
consumption_pc_monthly,OBC,2136.5,94.22465558322493
consumption_pc_monthly,OBC,2142.8571428571427,94.2262837367956
consumption_pc_monthly,OBC,2150.0,94.27903950640226
consumption_pc_monthly,OBC,2157.0,94.28113051299466
consumption_pc_monthly,OBC,2157.1428571428573,94.28537242480583
consumption_pc_monthly,OBC,2157.25,94.38219310896288
consumption_pc_monthly,OBC,2160.0,94.49468545190368
consumption_pc_monthly,OBC,2164.0,94.66263575484544
consumption_pc_monthly,OBC,2164.8571428571427,94.66813553780983
consumption_pc_monthly,OBC,2166.6666666666665,94.73164822945533
consumption_pc_monthly,OBC,2166.75,94.7437368613177
consumption_pc_monthly,OBC,2175.0,94.79834589442349
consumption_pc_monthly,OBC,2179.25,94.79888857597817
consumption_pc_monthly,OBC,2187.5,94.80881541196244
consumption_pc_monthly,OBC,2191.6666666666665,94.8246340946472
consumption_pc_monthly,OBC,2192.8571428571427,94.82944994420534
consumption_pc_monthly,OBC,2200.0,95.01206266853019
consumption_pc_monthly,OBC,2202.5,95.0197732553397
consumption_pc_monthly,OBC,2208.25,95.04169070725231
consumption_pc_monthly,OBC,2223.4,95.07533032034064
consumption_pc_monthly,OBC,2226.1428571428573,95.10896993342898
consumption_pc_monthly,OBC,2233.3333333333335,95.14659988409781
consumption_pc_monthly,OBC,2235.5,95.16010974700345
consumption_pc_monthly,OBC,2235.6,95.17979461375229
consumption_pc_monthly,OBC,2236.1666666666665,95.18692255028735
consumption_pc_monthly,OBC,2238.8333333333335,95.19094479749971
consumption_pc_monthly,OBC,2239.3333333333335,95.20456901232836
consumption_pc_monthly,OBC,2241.6666666666665,95.21051531232553
consumption_pc_monthly,OBC,2250.0,95.39667468876958
consumption_pc_monthly,OBC,2258.3333333333335,95.53289505573748
consumption_pc_monthly,OBC,2261.0,95.53343773729218
consumption_pc_monthly,OBC,2261.1666666666665,95.56731041049028
consumption_pc_monthly,OBC,2264.5,95.57357253960816
consumption_pc_monthly,OBC,2266.5,95.5841963777899
consumption_pc_monthly,OBC,2266.6666666666665,95.62067692827247
consumption_pc_monthly,OBC,2270.0,95.62361740629305
consumption_pc_monthly,OBC,2272.1666666666665,95.66831267220577
consumption_pc_monthly,OBC,2275.0,95.72190778492742
consumption_pc_monthly,OBC,2279.25,95.72445619921193
consumption_pc_monthly,OBC,2281.6,95.74509672131745
consumption_pc_monthly,OBC,2285.714285714286,95.75716357186114
consumption_pc_monthly,OBC,2287.5,95.75741765094344
consumption_pc_monthly,OBC,2289.0,95.76223350050158
consumption_pc_monthly,OBC,2316.6666666666665,95.8140839295977
consumption_pc_monthly,OBC,2325.2727272727275,95.81820876682102
consumption_pc_monthly,OBC,2333.3333333333335,95.85039066515728
consumption_pc_monthly,OBC,2333.5,95.88357450415242
consumption_pc_monthly,OBC,2342.6666666666665,95.88614469975559
consumption_pc_monthly,OBC,2350.0,95.9452945932713
consumption_pc_monthly,OBC,2354.25,95.97916726646942
consumption_pc_monthly,OBC,2361.0,95.98159588350121
consumption_pc_monthly,OBC,2364.5,96.00921274416385
consumption_pc_monthly,OBC,2375.0,96.12394965199368
consumption_pc_monthly,OBC,2387.5,96.15484460111628
consumption_pc_monthly,OBC,2388.9166666666665,96.15604801897285
consumption_pc_monthly,OBC,2400.0,96.31755105158804
consumption_pc_monthly,OBC,2410.0,96.319092079884
consumption_pc_monthly,OBC,2422.3333333333335,96.32126476642144
consumption_pc_monthly,OBC,2432.5,96.36100205967169
consumption_pc_monthly,OBC,2437.5,96.36376284181323
consumption_pc_monthly,OBC,2441.6666666666665,96.4300488398585
consumption_pc_monthly,OBC,2445.75,96.43173689205548
consumption_pc_monthly,OBC,2450.0,96.56559126328277
consumption_pc_monthly,OBC,2455.5,96.57226996012024
consumption_pc_monthly,OBC,2473.4,96.58201710022547
consumption_pc_monthly,OBC,2486.1666666666665,96.59972531230493
consumption_pc_monthly,OBC,2487.5,96.60662999032361
consumption_pc_monthly,OBC,2496.5,96.63038251833424
consumption_pc_monthly,OBC,2499.5,96.63231016503661
consumption_pc_monthly,OBC,2500.0,97.31505017285339
consumption_pc_monthly,OBC,2505.5,97.32161724043267
consumption_pc_monthly,OBC,2508.25,97.32419832669517
consumption_pc_monthly,OBC,2516.5,97.32636872619413
consumption_pc_monthly,OBC,2517.2,97.3289389217973
consumption_pc_monthly,OBC,2520.0,97.33846280338616
consumption_pc_monthly,OBC,2520.75,97.38315806929889
consumption_pc_monthly,OBC,2521.0,97.45721455277999
consumption_pc_monthly,OBC,2525.0,97.51024117308434
consumption_pc_monthly,OBC,2541.75,97.51330417102244
consumption_pc_monthly,OBC,2543.75,97.52138504024936
consumption_pc_monthly,OBC,2550.0,97.562846433779
consumption_pc_monthly,OBC,2556.25,97.56597477567311
consumption_pc_monthly,OBC,2562.5,97.77180823711328
consumption_pc_monthly,OBC,2575.0,97.7725814739261
consumption_pc_monthly,OBC,2577.0,97.8544846774584
consumption_pc_monthly,OBC,2583.25,97.8883573506565
consumption_pc_monthly,OBC,2583.5,97.93615645447983
consumption_pc_monthly,OBC,2600.0,97.94646174087602
consumption_pc_monthly,OBC,2625.0,97.96616294361385
consumption_pc_monthly,OBC,2636.6,97.96808514498656
consumption_pc_monthly,OBC,2641.6666666666665,97.970257831524
consumption_pc_monthly,OBC,2647.3333333333335,98.27197810308319
consumption_pc_monthly,OBC,2650.0,98.28894030499816
consumption_pc_monthly,OBC,2666.6666666666665,98.34609448519063
consumption_pc_monthly,OBC,2678.5714285714284,98.35338033628605
consumption_pc_monthly,OBC,2683.3333333333335,98.35665842474603
consumption_pc_monthly,OBC,2694.6,98.3592286203492
consumption_pc_monthly,OBC,2704.0,98.40632124710143
consumption_pc_monthly,OBC,2708.3333333333335,98.41983111000707
consumption_pc_monthly,OBC,2712.5,98.43189796055076
consumption_pc_monthly,OBC,2714.285714285714,98.44372521658906
consumption_pc_monthly,OBC,2725.0,98.44964973526756
consumption_pc_monthly,OBC,2737.5,98.45022966287716
consumption_pc_monthly,OBC,2740.625,98.4548309664464
consumption_pc_monthly,OBC,2741.75,98.46602928690807
consumption_pc_monthly,OBC,2766.6,98.46668817179787
consumption_pc_monthly,OBC,2767.0,98.47457300915674
consumption_pc_monthly,OBC,2768.0,98.47681103965019
consumption_pc_monthly,OBC,2777.777777777778,98.48522951931649
consumption_pc_monthly,OBC,2796.0,98.49115403799497
consumption_pc_monthly,OBC,2800.0,98.51620255446653
consumption_pc_monthly,OBC,2833.3333333333335,98.55131404016404
consumption_pc_monthly,OBC,2850.0,98.63460580276163
consumption_pc_monthly,OBC,2852.6666666666665,98.63798735248528
consumption_pc_monthly,OBC,2857.1428571428573,98.64454352940523
consumption_pc_monthly,OBC,2875.0,98.67668731043383
consumption_pc_monthly,OBC,2886.7,98.68190121359069
consumption_pc_monthly,OBC,2900.0,98.71628302511273
consumption_pc_monthly,OBC,2902.1,98.71826512511178
consumption_pc_monthly,OBC,2912.5,98.72559998417422
consumption_pc_monthly,OBC,2933.4,98.75098611108517
consumption_pc_monthly,OBC,2936.0,98.75571265723676
consumption_pc_monthly,OBC,2958.25,98.75846254871897
consumption_pc_monthly,OBC,3000.0,98.95262525289546
consumption_pc_monthly,OBC,3004.25,98.9599601119579
consumption_pc_monthly,OBC,3050.0,98.9606189968477
consumption_pc_monthly,OBC,3054.25,98.98125951895322
consumption_pc_monthly,OBC,3081.25,98.98402030109477
consumption_pc_monthly,OBC,3093.4,98.98467918598456
consumption_pc_monthly,OBC,3097.3333333333335,99.02937445189728
consumption_pc_monthly,OBC,3100.0,99.03224958596184
consumption_pc_monthly,OBC,3116.6,99.03499947744405
consumption_pc_monthly,OBC,3120.75,99.03782015821191
consumption_pc_monthly,OBC,3141.6,99.05284926809486
consumption_pc_monthly,OBC,3142.8,99.1049501823557
consumption_pc_monthly,OBC,3191.5,99.11764324581117
consumption_pc_monthly,OBC,3220.285714285714,99.16233851172387
consumption_pc_monthly,OBC,3291.6666666666665,99.16515919249176
consumption_pc_monthly,OBC,3303.6666666666665,99.18046056885808
consumption_pc_monthly,OBC,3312.5,99.20237802077068
consumption_pc_monthly,OBC,3320.0,99.24087650152154
consumption_pc_monthly,OBC,3333.3333333333335,99.26144895700621
consumption_pc_monthly,OBC,3412.5,99.26370332348866
consumption_pc_monthly,OBC,3425.8888888888887,99.30839858940136
consumption_pc_monthly,OBC,3437.5,99.34780099487706
consumption_pc_monthly,OBC,3476.6,99.37844731024703
consumption_pc_monthly,OBC,3500.0,99.37942746958723
consumption_pc_monthly,OBC,3550.0,99.38309489911845
consumption_pc_monthly,OBC,3683.5,99.41673451220677
consumption_pc_monthly,OBC,3690.0,99.45628121891865
consumption_pc_monthly,OBC,3700.0,99.45653170408336
consumption_pc_monthly,OBC,3750.0,99.46267468938812
consumption_pc_monthly,OBC,3775.0,99.46620326301282
consumption_pc_monthly,OBC,3850.0,99.47011083158237
consumption_pc_monthly,OBC,4000.0,99.51419807198438
consumption_pc_monthly,OBC,4041.5,99.60284803897501
consumption_pc_monthly,OBC,4100.0,99.60439451260065
consumption_pc_monthly,OBC,4196.428571428572,99.6123419712507
consumption_pc_monthly,OBC,4302.0,99.65703723716342
consumption_pc_monthly,OBC,4400.0,99.66678437726864
consumption_pc_monthly,OBC,4416.666666666667,99.71147964318136
consumption_pc_monthly,OBC,4500.0,99.71363054840012
consumption_pc_monthly,OBC,4562.5,99.75832581431284
consumption_pc_monthly,OBC,4670.75,99.8191201973882
consumption_pc_monthly,OBC,4975.0,99.83134496249225
consumption_pc_monthly,OBC,4979.25,99.83791203007154
consumption_pc_monthly,OBC,5000.0,99.83805905397256
consumption_pc_monthly,OBC,5066.666666666667,99.84054756963071
consumption_pc_monthly,OBC,5630.0,99.84467240685402
consumption_pc_monthly,OBC,6000.0,99.99416195315625
consumption_pc_monthly,OBC,6500.0,99.99633463969367
consumption_pc_monthly,OBC,7000.0,99.99764761758316
consumption_pc_monthly,OBC,20000.0,99.99999999999962
consumption_pc_monthly,ST,642.8571428571429,0.4014689457806588
consumption_pc_monthly,ST,833.3333333333334,0.5256915833519206
consumption_pc_monthly,ST,840.0,1.2461828812652391
consumption_pc_monthly,ST,893.5,1.6225600179346065
consumption_pc_monthly,ST,900.0,2.446909586604226
consumption_pc_monthly,ST,916.6666666666666,2.4800016826785374
consumption_pc_monthly,ST,953.4,2.726919630309939
consumption_pc_monthly,ST,971.4285714285714,3.4474109282232575
consumption_pc_monthly,ST,1000.0,9.737920199435809
consumption_pc_monthly,ST,1002.25,9.771012295510122
consumption_pc_monthly,ST,1050.0,10.49150359342344
consumption_pc_monthly,ST,1083.3333333333333,10.524595689497753
consumption_pc_monthly,ST,1100.0,12.424009274281753
consumption_pc_monthly,ST,1108.375,12.436082434607766
consumption_pc_monthly,ST,1133.3333333333333,13.156573732521082
consumption_pc_monthly,ST,1142.857142857143,13.51484112870143
consumption_pc_monthly,ST,1166.6666666666667,14.55066010076812
consumption_pc_monthly,ST,1200.0,17.275316377166337
consumption_pc_monthly,ST,1214.2857142857142,19.14869266437978
consumption_pc_monthly,ST,1222.2222222222222,20.684893221042657
consumption_pc_monthly,ST,1250.0,23.219122303354176
consumption_pc_monthly,ST,1261.857142857143,23.64153745500165
consumption_pc_monthly,ST,1300.0,27.59496507903832
consumption_pc_monthly,ST,1328.5714285714287,28.012798248152425
consumption_pc_monthly,ST,1333.3333333333333,29.201495431094287
consumption_pc_monthly,ST,1375.0,30.86980254448107
consumption_pc_monthly,ST,1406.6,31.085155723549285
consumption_pc_monthly,ST,1428.5714285714287,31.295199621269308
consumption_pc_monthly,ST,1483.4,32.44025887532197
consumption_pc_monthly,ST,1491.6,33.920457423243704
consumption_pc_monthly,ST,1491.75,34.16737537087511
consumption_pc_monthly,ST,1500.0,54.17655853663055
consumption_pc_monthly,ST,1527.8333333333333,54.25467042934222
consumption_pc_monthly,ST,1541.5,55.39972968339488
consumption_pc_monthly,ST,1541.6666666666667,56.87992823131661
consumption_pc_monthly,ST,1562.5,58.10877230883654
consumption_pc_monthly,ST,1600.0,62.69623576607124
consumption_pc_monthly,ST,1625.0,63.486082278965796
consumption_pc_monthly,ST,1666.6666666666667,63.59110422782581
consumption_pc_monthly,ST,1683.4,63.669216120537484
consumption_pc_monthly,ST,1700.0,72.17381208175408
consumption_pc_monthly,ST,1708.5,73.9332933745667
consumption_pc_monthly,ST,1740.0,76.02279959598258
consumption_pc_monthly,ST,1742.857142857143,79.11738332316034
consumption_pc_monthly,ST,1750.0,79.64889329703082
consumption_pc_monthly,ST,1766.6666666666667,81.7383995184467
consumption_pc_monthly,ST,1770.0,81.91004203874424
consumption_pc_monthly,ST,1775.0,81.92211519907025
consumption_pc_monthly,ST,1791.6,88.56235337837715
consumption_pc_monthly,ST,1800.0,91.41867401381988
consumption_pc_monthly,ST,1955.6666666666667,91.66559196145127
consumption_pc_monthly,ST,2000.0,94.45471018640461
consumption_pc_monthly,ST,2191.5,96.21419147921723
consumption_pc_monthly,ST,2200.0,96.63202464833135
consumption_pc_monthly,ST,2233.5,96.87894259596274
consumption_pc_monthly,ST,2250.0,97.01822031900078
consumption_pc_monthly,ST,2300.0,97.4360534881149
consumption_pc_monthly,ST,2325.0,97.91083415442941
consumption_pc_monthly,ST,2333.3333333333335,98.12087805214944
consumption_pc_monthly,ST,2363.4,98.31637597357307
consumption_pc_monthly,ST,2446.0,98.79115663988759
consumption_pc_monthly,ST,2500.0,99.53714703424849
consumption_pc_monthly,ST,2666.6666666666665,99.64216898310852
consumption_pc_monthly,ST,3250.0,99.80450207857635
consumption_pc_monthly,ST,3691.5,99.99999999999997
consumption_pc_monthly,Others,500.0,0.5029291402877907
consumption_pc_monthly,Others,625.0,0.5066150099015929
consumption_pc_monthly,Others,652.75,0.6303545568705136
consumption_pc_monthly,Others,725.0,0.6447402281285568
consumption_pc_monthly,Others,728.5714285714286,0.6689567406948671
consumption_pc_monthly,Others,735.9375,0.7840421107592128
consumption_pc_monthly,Others,771.4285714285714,0.8449756136428856
consumption_pc_monthly,Others,777.7777777777778,1.460105398360164
consumption_pc_monthly,Others,800.0,1.5840726868265733
consumption_pc_monthly,Others,816.6666666666666,1.6261795592511712
consumption_pc_monthly,Others,833.3333333333334,1.6490969330973622
consumption_pc_monthly,Others,874.0,2.3413931285470992
consumption_pc_monthly,Others,875.0,2.3436705435219873
consumption_pc_monthly,Others,875.5833333333334,2.346099786161868
consumption_pc_monthly,Others,929.7142857142857,2.4611851562262137
consumption_pc_monthly,Others,934.5714285714286,2.6945695819305806
consumption_pc_monthly,Others,937.5,2.71093306157126
consumption_pc_monthly,Others,950.0,3.1182487298299986
consumption_pc_monthly,Others,950.8888888888889,4.0262920372341355
consumption_pc_monthly,Others,960.0,4.110923308162062
consumption_pc_monthly,Others,981.4444444444445,4.114086384516073
consumption_pc_monthly,Others,983.3333333333334,4.227577564097997
consumption_pc_monthly,Others,1000.0,12.009679135105406
consumption_pc_monthly,Others,1021.25,12.018687576561629
consumption_pc_monthly,Others,1047.5,12.022230222078122
consumption_pc_monthly,Others,1050.0,12.044283190418287
consumption_pc_monthly,Others,1052.0,12.0474462667723
consumption_pc_monthly,Others,1063.4,12.058453772484258
consumption_pc_monthly,Others,1072.75,12.092020338753025
consumption_pc_monthly,Others,1077.2727272727273,12.266242584331968
consumption_pc_monthly,Others,1086.6,12.464377687147232
consumption_pc_monthly,Others,1099.3684210526317,12.507269002507627
consumption_pc_monthly,Others,1100.0,12.571201101774902
consumption_pc_monthly,Others,1111.111111111111,13.36806860148825
consumption_pc_monthly,Others,1115.7777777777778,13.397894134091601
consumption_pc_monthly,Others,1118.5555555555557,13.41763173054063
consumption_pc_monthly,Others,1121.4285714285713,13.471350382783859
consumption_pc_monthly,Others,1125.0,13.679278369991144
consumption_pc_monthly,Others,1134.0,13.6815304803552
consumption_pc_monthly,Others,1136.3636363636363,13.703545491779117
consumption_pc_monthly,Others,1140.7777777777778,13.708268850437037
consumption_pc_monthly,Others,1142.857142857143,13.718382091202189
consumption_pc_monthly,Others,1147.5714285714287,14.269061032130134
consumption_pc_monthly,Others,1148.3,14.31028224317561
consumption_pc_monthly,Others,1152.8333333333333,14.36159999394309
consumption_pc_monthly,Others,1153.8461538461538,14.43485684230199
consumption_pc_monthly,Others,1166.642857142857,14.48847731265519
consumption_pc_monthly,Others,1166.6666666666667,14.913869076615724
consumption_pc_monthly,Others,1183.3333333333333,15.180225410234305
consumption_pc_monthly,Others,1187.5,15.674424459785024
consumption_pc_monthly,Others,1193.75,15.688810131043068
consumption_pc_monthly,Others,1200.0,18.460475776887986
consumption_pc_monthly,Others,1201.6,18.58826406159004
consumption_pc_monthly,Others,1203.6666666666667,18.77083682874357
consumption_pc_monthly,Others,1206.75,18.85327925083452
consumption_pc_monthly,Others,1208.25,18.874838779263463
consumption_pc_monthly,Others,1222.2222222222222,18.93367199944807
consumption_pc_monthly,Others,1225.0,18.957901164319797
consumption_pc_monthly,Others,1230.6666666666667,19.040343586410746
consumption_pc_monthly,Others,1236.3636363636363,19.165019403980455
consumption_pc_monthly,Others,1240.909090909091,19.354955812886125
consumption_pc_monthly,Others,1245.2857142857142,19.49065178847321
consumption_pc_monthly,Others,1250.0,21.14833356384146
consumption_pc_monthly,Others,1257.0,22.218263119043897
consumption_pc_monthly,Others,1258.4,22.22008505102381
consumption_pc_monthly,Others,1262.5,22.22958085928466
consumption_pc_monthly,Others,1263.8333333333333,22.261818933484744
consumption_pc_monthly,Others,1272.7272727272727,22.264324089957118
consumption_pc_monthly,Others,1275.625,22.278326143314946
consumption_pc_monthly,Others,1285.7142857142858,22.30646487056023
consumption_pc_monthly,Others,1288.8333333333333,22.759442709065475
consumption_pc_monthly,Others,1290.0,22.79304723225049
consumption_pc_monthly,Others,1297.125,22.800689224721783
consumption_pc_monthly,Others,1300.0,24.233389729550794
consumption_pc_monthly,Others,1305.5555555555557,24.296853693517676
consumption_pc_monthly,Others,1306.6,24.329850906042722
consumption_pc_monthly,Others,1307.5454545454545,24.338859347498946
consumption_pc_monthly,Others,1308.25,24.342503211458766
consumption_pc_monthly,Others,1309.6666666666667,24.36906293098813
consumption_pc_monthly,Others,1310.0,24.385426410628806
consumption_pc_monthly,Others,1311.111111111111,24.673974887947132
consumption_pc_monthly,Others,1311.6,24.748471662236803
consumption_pc_monthly,Others,1314.7777777777778,25.048786783592046
consumption_pc_monthly,Others,1316.6666666666667,25.103748398319347
consumption_pc_monthly,Others,1316.7142857142858,25.72457172047385
consumption_pc_monthly,Others,1320.4,25.756303702457288
consumption_pc_monthly,Others,1322.2222222222222,26.113743982765982
consumption_pc_monthly,Others,1323.6666666666667,26.11905795104072
consumption_pc_monthly,Others,1327.6,26.20150037313167
consumption_pc_monthly,Others,1330.0,26.330857543705317
consumption_pc_monthly,Others,1333.3333333333333,29.78020900879774
consumption_pc_monthly,Others,1338.8333333333333,29.785345844796655
consumption_pc_monthly,Others,1343.75,29.94385392704887
consumption_pc_monthly,Others,1345.2857142857142,30.031438246060898
consumption_pc_monthly,Others,1350.0,30.105365666606847
consumption_pc_monthly,Others,1354.125,30.131581243428897
consumption_pc_monthly,Others,1356.6,30.321517652334563
consumption_pc_monthly,Others,1357.142857142857,30.341407076448583
consumption_pc_monthly,Others,1360.0,30.37479246170379
consumption_pc_monthly,Others,1363.6363636363637,30.399742807984232
consumption_pc_monthly,Others,1364.5,31.469672363186664
consumption_pc_monthly,Others,1370.875,31.47557694107822
consumption_pc_monthly,Others,1371.4285714285713,31.47739887305813
consumption_pc_monthly,Others,1375.0,32.17828598388537
consumption_pc_monthly,Others,1378.5714285714287,32.31556349764946
consumption_pc_monthly,Others,1380.0,33.28321181586858
consumption_pc_monthly,Others,1398.0,33.9318828622438
consumption_pc_monthly,Others,1398.75,33.95607407019928
consumption_pc_monthly,Others,1400.0,35.7217407418324
consumption_pc_monthly,Others,1403.4,35.7745767692498
consumption_pc_monthly,Others,1409.090909090909,35.81000322441473
consumption_pc_monthly,Others,1411.6,35.832701460331116
consumption_pc_monthly,Others,1415.3333333333333,35.865901109742815
consumption_pc_monthly,Others,1416.6666666666667,35.885082004753535
consumption_pc_monthly,Others,1420.0,35.903959244434276
consumption_pc_monthly,Others,1422.1666666666667,35.92374745010497
consumption_pc_monthly,Others,1425.0,35.94576246152889
consumption_pc_monthly,Others,1426.6,36.566585783683394
consumption_pc_monthly,Others,1428.5714285714287,37.63646017483423
consumption_pc_monthly,Others,1429.7857142857142,37.637927842262485
consumption_pc_monthly,Others,1430.0,37.77849495543475
consumption_pc_monthly,Others,1431.25,37.820804264746
consumption_pc_monthly,Others,1431.6,37.988637096089846
consumption_pc_monthly,Others,1431.9166666666667,37.9908892064539
consumption_pc_monthly,Others,1433.4,38.13145631962616
consumption_pc_monthly,Others,1435.0,38.5308896016107
consumption_pc_monthly,Others,1435.7142857142858,38.53314171197476
consumption_pc_monthly,Others,1437.5,38.55878388631535
consumption_pc_monthly,Others,1438.125,38.727439117511224
consumption_pc_monthly,Others,1440.0,39.26827456482549
consumption_pc_monthly,Others,1440.4285714285713,39.46021003798689
consumption_pc_monthly,Others,1441.6666666666667,39.49032252487708
consumption_pc_monthly,Others,1445.0,40.022959278281746
consumption_pc_monthly,Others,1453.6666666666667,40.53499807846909
consumption_pc_monthly,Others,1457.142857142857,40.54661289484102
consumption_pc_monthly,Others,1464.2857142857142,40.562782541162726
consumption_pc_monthly,Others,1464.857142857143,40.75025175051226
consumption_pc_monthly,Others,1466.6,41.025123085675844
consumption_pc_monthly,Others,1471.7,41.117586133656296
consumption_pc_monthly,Others,1473.6666666666667,41.12122999761612
consumption_pc_monthly,Others,1473.857142857143,41.27973807986833
consumption_pc_monthly,Others,1479.1666666666667,41.489196996030955
consumption_pc_monthly,Others,1483.3333333333333,41.55013049891463
consumption_pc_monthly,Others,1486.1666666666667,41.550965551072096
consumption_pc_monthly,Others,1489.0,41.685231816147166
consumption_pc_monthly,Others,1491.6666666666667,41.688572024777
consumption_pc_monthly,Others,1491.75,41.70183164085302
consumption_pc_monthly,Others,1499.0,41.791916055415264
consumption_pc_monthly,Others,1500.0,47.7136524974882
consumption_pc_monthly,Others,1504.5,47.76125047046336
consumption_pc_monthly,Others,1505.0,48.09884788714196
consumption_pc_monthly,Others,1506.9166666666667,48.10939130629126
consumption_pc_monthly,Others,1508.5,48.166402594495956
consumption_pc_monthly,Others,1512.5,48.17589840275681
consumption_pc_monthly,Others,1516.6,48.21763228521774
consumption_pc_monthly,Others,1516.6666666666667,49.125675592621874
consumption_pc_monthly,Others,1518.5714285714287,49.153346184566765
consumption_pc_monthly,Others,1518.75,49.18438228975233
consumption_pc_monthly,Others,1525.0,49.21672158239574
consumption_pc_monthly,Others,1526.0,49.25045262863492
consumption_pc_monthly,Others,1530.0,49.27762978066858
consumption_pc_monthly,Others,1531.25,49.314751644759255
consumption_pc_monthly,Others,1533.3333333333333,49.331115124399936
consumption_pc_monthly,Others,1533.4,49.769897076228375
consumption_pc_monthly,Others,1536.7,49.790444420224034
consumption_pc_monthly,Others,1540.0,50.02656174389827
consumption_pc_monthly,Others,1541.4,50.05300506221781
consumption_pc_monthly,Others,1541.6666666666667,50.11905009648956
consumption_pc_monthly,Others,1558.3333333333333,50.14796466310296
consumption_pc_monthly,Others,1560.0,50.14979519865056
consumption_pc_monthly,Others,1561.1666666666667,50.24198495683404
consumption_pc_monthly,Others,1562.5,50.331076418467234
consumption_pc_monthly,Others,1566.6,50.3582535705009
consumption_pc_monthly,Others,1569.5,50.414682852656455
consumption_pc_monthly,Others,1570.0,50.49150765114268
consumption_pc_monthly,Others,1571.4285714285713,50.620687689440494
consumption_pc_monthly,Others,1577.5,50.75495395451556
consumption_pc_monthly,Others,1579.25,50.766239810946665
consumption_pc_monthly,Others,1580.0,51.794492672108646
consumption_pc_monthly,Others,1583.25,52.50499553505208
consumption_pc_monthly,Others,1587.5,52.581972161203296
consumption_pc_monthly,Others,1588.4,52.70768546781712
consumption_pc_monthly,Others,1590.0,52.76090106439702
consumption_pc_monthly,Others,1590.3333333333333,52.79475863369035
consumption_pc_monthly,Others,1591.6666666666667,52.81454683936104
consumption_pc_monthly,Others,1595.75,52.84815136254606
consumption_pc_monthly,Others,1596.6,52.90908486542973
consumption_pc_monthly,Others,1600.0,56.94410749949312
consumption_pc_monthly,Others,1606.6,57.00347211650521
consumption_pc_monthly,Others,1607.142857142857,57.01785778776325
consumption_pc_monthly,Others,1607.909090909091,57.02339949753548
consumption_pc_monthly,Others,1611.111111111111,57.035950584508186
consumption_pc_monthly,Others,1612.5,57.04185516239975
consumption_pc_monthly,Others,1616.25,57.07358714438319
consumption_pc_monthly,Others,1625.0,57.77797034024298
consumption_pc_monthly,Others,1629.25,57.80564093218787
consumption_pc_monthly,Others,1630.6666666666667,57.807893042551925
consumption_pc_monthly,Others,1633.4,57.84242776323113
consumption_pc_monthly,Others,1635.0,58.08570629177085
consumption_pc_monthly,Others,1645.75,58.09551182846828
consumption_pc_monthly,Others,1650.0,58.141304570506676
consumption_pc_monthly,Others,1651.5454545454545,58.37246219045782
consumption_pc_monthly,Others,1651.888888888889,58.37312011033945
consumption_pc_monthly,Others,1655.6666666666667,58.374942042319354
consumption_pc_monthly,Others,1660.5,58.61822057085907
consumption_pc_monthly,Others,1666.6666666666667,61.338073507748625
consumption_pc_monthly,Others,1666.75,61.402220696207976
consumption_pc_monthly,Others,1668.75,61.406944054865896
consumption_pc_monthly,Others,1677.0,61.52334526469351
consumption_pc_monthly,Others,1680.5,61.53270797070138
consumption_pc_monthly,Others,1681.0,61.55325531469704
consumption_pc_monthly,Others,1683.25,61.580432466730706
consumption_pc_monthly,Others,1683.3333333333333,61.90832961389293
consumption_pc_monthly,Others,1683.4,61.91149269024694
consumption_pc_monthly,Others,1684.5,62.1503176072802
consumption_pc_monthly,Others,1687.5,62.17056129594588
consumption_pc_monthly,Others,1697.1666666666667,62.266566989442836
consumption_pc_monthly,Others,1700.0,62.58842038335393
consumption_pc_monthly,Others,1705.6666666666667,62.599427889065886
consumption_pc_monthly,Others,1708.2857142857142,62.652263916483285
consumption_pc_monthly,Others,1708.3,62.79346364492635
consumption_pc_monthly,Others,1708.3333333333333,62.797006290442845
consumption_pc_monthly,Others,1710.6363636363637,62.806318387229055
consumption_pc_monthly,Others,1714.2857142857142,62.84548992479713
consumption_pc_monthly,Others,1716.5,63.09691653802477
consumption_pc_monthly,Others,1716.6,63.173893164175986
consumption_pc_monthly,Others,1718.25,63.2082821302968
consumption_pc_monthly,Others,1727.6666666666667,63.42172652266548
consumption_pc_monthly,Others,1730.1666666666667,63.42936851513677
consumption_pc_monthly,Others,1730.75,63.50386528942645
consumption_pc_monthly,Others,1733.4,63.53042500895582
consumption_pc_monthly,Others,1740.7777777777778,63.63218750141707
consumption_pc_monthly,Others,1742.857142857143,63.643802317789
consumption_pc_monthly,Others,1750.0,64.68211679831
consumption_pc_monthly,Others,1750.6666666666667,64.92423131475145
consumption_pc_monthly,Others,1757.142857142857,64.9760045485139
consumption_pc_monthly,Others,1758.3333333333333,65.4616000303817
consumption_pc_monthly,Others,1766.5,65.47989526401331
consumption_pc_monthly,Others,1766.6,65.48989058529199
consumption_pc_monthly,Others,1766.6666666666667,65.55593561956374
consumption_pc_monthly,Others,1770.75,66.01749172114107
consumption_pc_monthly,Others,1780.0,66.05761218161534
consumption_pc_monthly,Others,1783.5,66.15975424323908
consumption_pc_monthly,Others,1790.0,66.17804947687068
consumption_pc_monthly,Others,1791.75,66.24219666533003
consumption_pc_monthly,Others,1800.0,67.46671613684344
consumption_pc_monthly,Others,1803.5,67.60241211243053
consumption_pc_monthly,Others,1805.0,67.67503634551862
consumption_pc_monthly,Others,1810.0,67.77402798309376
consumption_pc_monthly,Others,1813.4,67.78685742078564
consumption_pc_monthly,Others,1818.1818181818182,67.79105798618377
consumption_pc_monthly,Others,1823.0,67.86368221927187
consumption_pc_monthly,Others,1833.2857142857142,67.86664285873923
consumption_pc_monthly,Others,1833.3,67.87714427223453
consumption_pc_monthly,Others,1833.3333333333333,68.10339279768426
consumption_pc_monthly,Others,1838.8333333333333,68.15516603144671
consumption_pc_monthly,Others,1841.6,68.15699656699431
consumption_pc_monthly,Others,1844.0,68.16861138336624
consumption_pc_monthly,Others,1848.4,68.1695223493562
consumption_pc_monthly,Others,1857.142857142857,68.25378670342705
consumption_pc_monthly,Others,1866.7,68.2600622469134
consumption_pc_monthly,Others,1868.75,68.2932618963251
consumption_pc_monthly,Others,1872.5,68.68474953050837
consumption_pc_monthly,Others,1875.0,71.40183211860405
consumption_pc_monthly,Others,1877.6666666666667,71.42388508694421
consumption_pc_monthly,Others,1880.0,71.47884670167151
consumption_pc_monthly,Others,1898.4,71.65775030025439
consumption_pc_monthly,Others,1900.0,72.18012603396666
consumption_pc_monthly,Others,1906.25,72.18366867948315
consumption_pc_monthly,Others,1920.75,72.19805435074119
consumption_pc_monthly,Others,1925.0,72.76520659332083
consumption_pc_monthly,Others,1925.888888888889,72.76586451320246
consumption_pc_monthly,Others,1927.6666666666667,72.80084813767782
consumption_pc_monthly,Others,1928.4,72.80849013014912
consumption_pc_monthly,Others,1937.090909090909,72.86666543045209
consumption_pc_monthly,Others,1938.8333333333333,72.87020807596859
consumption_pc_monthly,Others,1952.4285714285713,73.18121439540039
consumption_pc_monthly,Others,1958.5,73.18488356397104
consumption_pc_monthly,Others,1965.0,73.1857186161285
consumption_pc_monthly,Others,1966.6,73.19541028207719
consumption_pc_monthly,Others,1967.5,73.39637950130566
consumption_pc_monthly,Others,1967.923076923077,73.48901968156194
consumption_pc_monthly,Others,1970.75,73.52497753355433
consumption_pc_monthly,Others,1975.0,73.68238486523535
consumption_pc_monthly,Others,1979.0,73.9846737462355
consumption_pc_monthly,Others,1981.0,74.37616138041876
consumption_pc_monthly,Others,1981.6,74.38088473907668
consumption_pc_monthly,Others,1983.25,74.3898172667004
consumption_pc_monthly,Others,1997.1666666666667,74.42858393049518
consumption_pc_monthly,Others,2000.0,80.353553289648
consumption_pc_monthly,Others,2001.0,80.54102249899755
consumption_pc_monthly,Others,2003.4,80.55457311809813
consumption_pc_monthly,Others,2008.3333333333333,80.63929295516398
consumption_pc_monthly,Others,2010.0,80.78049268360704
consumption_pc_monthly,Others,2010.5,81.30324798648178
consumption_pc_monthly,Others,2014.2,81.3172500398396
consumption_pc_monthly,Others,2019.0,81.61266871899883
consumption_pc_monthly,Others,2027.8333333333333,81.62399253234621
consumption_pc_monthly,Others,2029.25,81.68334449705287
consumption_pc_monthly,Others,2030.0,81.985785205718
consumption_pc_monthly,Others,2033.0,82.2117047712269
consumption_pc_monthly,Others,2033.3333333333333,82.3027877057326
consumption_pc_monthly,Others,2041.7,82.31215041174048
consumption_pc_monthly,Others,2041.75,82.37930884888884
consumption_pc_monthly,Others,2050.0,82.3829780174595
consumption_pc_monthly,Others,2052.0,82.38770137611742
consumption_pc_monthly,Others,2053.4,82.4206479794208
consumption_pc_monthly,Others,2055.75,82.47414192671985
consumption_pc_monthly,Others,2061.0,82.4771025661872
consumption_pc_monthly,Others,2062.5,82.50321692456592
consumption_pc_monthly,Others,2066.6666666666665,82.52067710604005
consumption_pc_monthly,Others,2075.0,82.64639041265389
consumption_pc_monthly,Others,2086.6,82.65532294027761
consumption_pc_monthly,Others,2089.0,82.68250009231127
consumption_pc_monthly,Others,2094.3333333333335,82.92899230642666
consumption_pc_monthly,Others,2100.0,83.55500307380174
consumption_pc_monthly,Others,2111.1666666666665,83.55794498785708
consumption_pc_monthly,Others,2125.0,83.56462540511676
consumption_pc_monthly,Others,2133.0,83.66957627854285
consumption_pc_monthly,Others,2142.8571428571427,83.86294146221627
consumption_pc_monthly,Others,2154.714285714286,83.9496224066216
consumption_pc_monthly,Others,2166.6666666666665,84.14445525772327
consumption_pc_monthly,Others,2170.0,84.1451131776049
consumption_pc_monthly,Others,2170.8,84.30769530220108
consumption_pc_monthly,Others,2175.0,84.30931479729433
consumption_pc_monthly,Others,2178.5714285714284,84.31817141108556
consumption_pc_monthly,Others,2180.5,84.32816673236424
consumption_pc_monthly,Others,2182.0,84.32882465224587
consumption_pc_monthly,Others,2200.0,84.82966211340228
consumption_pc_monthly,Others,2212.0,84.89513779393032
consumption_pc_monthly,Others,2233.3333333333335,84.9678252885455
consumption_pc_monthly,Others,2248.0,84.9696558240931
consumption_pc_monthly,Others,2250.0,85.96310877225436
consumption_pc_monthly,Others,2272.3333333333335,86.15725839886356
consumption_pc_monthly,Others,2275.0,86.17010048886085
consumption_pc_monthly,Others,2283.3,86.1717199839541
consumption_pc_monthly,Others,2283.4,86.32912731563512
consumption_pc_monthly,Others,2300.0,86.40595211412135
consumption_pc_monthly,Others,2312.5,86.49105152034967
consumption_pc_monthly,Others,2318.75,87.040465230736
consumption_pc_monthly,Others,2322.875,87.0994502785856
consumption_pc_monthly,Others,2331.6,87.11374738370574
consumption_pc_monthly,Others,2333.3333333333335,87.13470365021244
consumption_pc_monthly,Others,2350.0,87.13820226570608
consumption_pc_monthly,Others,2352.8333333333335,87.59118010421133
consumption_pc_monthly,Others,2353.0,87.63895520946232
consumption_pc_monthly,Others,2375.0,87.95376987282435
consumption_pc_monthly,Others,2383.4,87.96538468919628
consumption_pc_monthly,Others,2389.0,87.97322911855423
consumption_pc_monthly,Others,2400.0,88.11860410778459
consumption_pc_monthly,Others,2408.3,88.1517278433638
consumption_pc_monthly,Others,2416.75,88.345877469973
consumption_pc_monthly,Others,2420.0,88.40691219130001
consumption_pc_monthly,Others,2429.25,88.546425114385
consumption_pc_monthly,Others,2430.5,88.54958819073902
consumption_pc_monthly,Others,2450.0,88.72492383919457
consumption_pc_monthly,Others,2458.25,88.7549098030306
consumption_pc_monthly,Others,2458.3333333333335,88.76538591191509
consumption_pc_monthly,Others,2463.0,88.78631282507322
consumption_pc_monthly,Others,2466.6,88.78864084926977
consumption_pc_monthly,Others,2486.1666666666665,88.79838312444012
consumption_pc_monthly,Others,2487.5,88.92887900250122
consumption_pc_monthly,Others,2500.0,93.20867617369673
consumption_pc_monthly,Others,2504.25,93.36608350537774
consumption_pc_monthly,Others,2507.3333333333335,93.39375409732263
consumption_pc_monthly,Others,2510.1428571428573,93.49145519974533
consumption_pc_monthly,Others,2511.8571428571427,93.51810753415035
consumption_pc_monthly,Others,2514.0,93.52000537996274
consumption_pc_monthly,Others,2527.8333333333335,93.52893790758647
consumption_pc_monthly,Others,2541.6,93.53271689816813
consumption_pc_monthly,Others,2543.4,93.84372321759994
consumption_pc_monthly,Others,2544.3333333333335,93.85265574522367
consumption_pc_monthly,Others,2550.0,93.8570207905922
consumption_pc_monthly,Others,2558.4,93.9965337136772
consumption_pc_monthly,Others,2570.0,94.53016999920973
consumption_pc_monthly,Others,2571.0,94.61775431822177
consumption_pc_monthly,Others,2587.5,94.73919114560498
consumption_pc_monthly,Others,2600.0,94.75361477377928
consumption_pc_monthly,Others,2620.75,94.75739376436093
consumption_pc_monthly,Others,2625.0,94.78141644360826
consumption_pc_monthly,Others,2633.4,94.79191785710358
consumption_pc_monthly,Others,2666.6666666666665,95.22830852320838
consumption_pc_monthly,Others,2675.0,95.23595051567968
consumption_pc_monthly,Others,2686.1666666666665,95.24961500552901
consumption_pc_monthly,Others,2696.0,95.3745944784287
consumption_pc_monthly,Others,2708.25,95.46217879744073
consumption_pc_monthly,Others,2727.2727272727275,95.58352705868603
consumption_pc_monthly,Others,2750.0,95.58757579641916
consumption_pc_monthly,Others,2773.8571428571427,95.59777355458449
consumption_pc_monthly,Others,2791.75,95.60093663093849
consumption_pc_monthly,Others,2800.0,96.0079866007835
consumption_pc_monthly,Others,2850.0,96.0140597073832
consumption_pc_monthly,Others,2908.3333333333335,96.03498662054133
consumption_pc_monthly,Others,2908.5,96.04546272942581
consumption_pc_monthly,Others,2933.3333333333335,96.14472006541469
consumption_pc_monthly,Others,2970.0,96.16564697857282
consumption_pc_monthly,Others,3000.0,96.72465214864894
consumption_pc_monthly,Others,3020.0,96.726904259013
consumption_pc_monthly,Others,3050.0,96.73004203075617
consumption_pc_monthly,Others,3086.285714285714,96.82774313317887
consumption_pc_monthly,Others,3100.0,96.83821924206335
consumption_pc_monthly,Others,3125.0,96.90554215918212
consumption_pc_monthly,Others,3150.0,96.95903610648116
consumption_pc_monthly,Others,3160.5,97.40896473938115
consumption_pc_monthly,Others,3166.6363636363635,97.43561707378615
consumption_pc_monthly,Others,3183.3333333333335,97.46226940819116
consumption_pc_monthly,Others,3183.4,97.47226472946984
consumption_pc_monthly,Others,3200.0,97.47359322153852
consumption_pc_monthly,Others,3216.6,97.5127647591066
consumption_pc_monthly,Others,3233.3333333333335,97.54571136240997
consumption_pc_monthly,Others,3237.5,97.57227108193935
consumption_pc_monthly,Others,3239.0,97.58196274788803
consumption_pc_monthly,Others,3250.0,97.7884063666239
consumption_pc_monthly,Others,3302.0,97.80544902201932
consumption_pc_monthly,Others,3312.5,97.83210135642433
consumption_pc_monthly,Others,3333.3333333333335,97.94848991394653
consumption_pc_monthly,Others,3340.0,98.08800283703152
consumption_pc_monthly,Others,3500.0,98.13042601709152
consumption_pc_monthly,Others,3525.0,98.14330606400506
consumption_pc_monthly,Others,3547.5714285714284,98.15350382217038
consumption_pc_monthly,Others,3550.0,98.15735012301687
consumption_pc_monthly,Others,3583.0,98.28131741148327
consumption_pc_monthly,Others,3600.0,98.28546736765973
consumption_pc_monthly,Others,3700.0,98.31168294448177
consumption_pc_monthly,Others,3750.0,98.31179681523051
consumption_pc_monthly,Others,3773.5,98.36997211553349
consumption_pc_monthly,Others,3850.0,98.37966378148218
consumption_pc_monthly,Others,3875.0,98.38371251921531
consumption_pc_monthly,Others,4000.0,98.44580143062956
consumption_pc_monthly,Others,4040.0,98.48019039675037
consumption_pc_monthly,Others,4080.4,98.49069181024569
consumption_pc_monthly,Others,4500.0,98.49876398110112
consumption_pc_monthly,Others,4513.833333333333,98.53846691549667
consumption_pc_monthly,Others,4625.0,99.38391926800763
consumption_pc_monthly,Others,4941.5,99.39442068150295
consumption_pc_monthly,Others,5000.0,99.40337851373751
consumption_pc_monthly,Others,5125.0,99.49601869399379
consumption_pc_monthly,Others,5248.666666666667,99.60457547446346
consumption_pc_monthly,Others,5583.25,99.64427840885901
consumption_pc_monthly,Others,5666.666666666667,99.64660643305557
consumption_pc_monthly,Others,6146.0,99.64822592814882
consumption_pc_monthly,Others,6250.0,99.66352256539682
consumption_pc_monthly,Others,6749.333333333333,99.94603589303168
consumption_pc_monthly,Others,6958.5,99.96133253027968
consumption_pc_monthly,Others,7166.5,99.97875677920644
consumption_pc_monthly,Others,7583.5,99.99299062279948
consumption_pc_monthly,Others,8500.0,99.99999999999997
consumption_pc_monthly,SC,425.0,0.0065108290179589625
consumption_pc_monthly,SC,487.5,0.07378939553686824
consumption_pc_monthly,SC,500.0,0.09180327099674397
consumption_pc_monthly,SC,595.875,0.19800135074275557
consumption_pc_monthly,SC,600.0,0.6068046097255945
consumption_pc_monthly,SC,616.6666666666666,0.6125764974698441
consumption_pc_monthly,SC,625.0,1.309305023614166
consumption_pc_monthly,SC,683.3333333333334,1.3150769113584153
consumption_pc_monthly,SC,685.7142857142857,1.3222452235569189
consumption_pc_monthly,SC,700.0,1.346118263289435
consumption_pc_monthly,SC,714.2857142857143,1.5096395668825706
consumption_pc_monthly,SC,722.2222222222222,1.5174013594741318
consumption_pc_monthly,SC,727.2727272727273,1.561449939721709
consumption_pc_monthly,SC,729.1666666666666,1.7847614836978172
consumption_pc_monthly,SC,746.1818181818181,1.9206161277910467
consumption_pc_monthly,SC,750.0,1.9215587142976678
consumption_pc_monthly,SC,757.1428571428571,2.224862105761622
consumption_pc_monthly,SC,760.0,2.5289684412867723
consumption_pc_monthly,SC,762.0,2.5690178946347753
consumption_pc_monthly,SC,763.0,2.6585752496342607
consumption_pc_monthly,SC,765.625,2.6933287632395055
consumption_pc_monthly,SC,766.6666666666666,2.7092014545361915
consumption_pc_monthly,SC,766.7,2.728565206968513
consumption_pc_monthly,SC,768.75,2.745776138367193
consumption_pc_monthly,SC,770.875,2.8519742181132046
consumption_pc_monthly,SC,771.4285714285714,3.09264797280387
consumption_pc_monthly,SC,772.1428571428571,3.287332815467772
consumption_pc_monthly,SC,781.25,3.4938290816405724
consumption_pc_monthly,SC,785.7142857142857,3.5018419978964905
consumption_pc_monthly,SC,788.1428571428571,3.6494906101929394
consumption_pc_monthly,SC,796.3333333333334,3.9702725810759723
consumption_pc_monthly,SC,800.0,4.650924770690694
consumption_pc_monthly,SC,820.0,4.835380804227187
consumption_pc_monthly,SC,822.1666666666666,4.844482466082605
consumption_pc_monthly,SC,833.3333333333334,5.656055266718861
consumption_pc_monthly,SC,836.1666666666666,5.76174132416498
consumption_pc_monthly,SC,840.0,5.896461373389128
consumption_pc_monthly,SC,854.7142857142857,5.902023797465239
consumption_pc_monthly,SC,856.0,5.9213498464372964
consumption_pc_monthly,SC,857.1428571428571,6.054221960633648
consumption_pc_monthly,SC,859.6666666666666,6.248906803297551
consumption_pc_monthly,SC,860.0,6.280762736160218
consumption_pc_monthly,SC,875.0,6.304397220048466
consumption_pc_monthly,SC,880.6,6.410083277494584
consumption_pc_monthly,SC,881.6,6.412410651585007
consumption_pc_monthly,SC,881.7142857142857,6.546176477432082
consumption_pc_monthly,SC,883.3,6.551122147374231
consumption_pc_monthly,SC,895.0,6.5564169234299445
consumption_pc_monthly,SC,898.6363636363636,6.561653515133396
consumption_pc_monthly,SC,900.0,7.886586855764753
consumption_pc_monthly,SC,902.8333333333334,7.912374160686643
consumption_pc_monthly,SC,904.125,8.001931515686127
consumption_pc_monthly,SC,904.7142857142857,8.013172732542873
consumption_pc_monthly,SC,906.0,8.401972211218524
consumption_pc_monthly,SC,907.75,8.403089350781928
consumption_pc_monthly,SC,916.6666666666666,8.856275633669137
consumption_pc_monthly,SC,920.0,8.90527267670777
consumption_pc_monthly,SC,927.8333333333334,8.952244904287737
consumption_pc_monthly,SC,928.5714285714286,9.096059167770214
consumption_pc_monthly,SC,933.3333333333334,9.103173252152411
consumption_pc_monthly,SC,933.4,9.451034220577517
consumption_pc_monthly,SC,937.5,9.49086722813511
consumption_pc_monthly,SC,938.9166666666666,9.496162004190824
consumption_pc_monthly,SC,940.5,9.500351277553586
consumption_pc_monthly,SC,942.0,9.516065940149531
consumption_pc_monthly,SC,944.0909090909091,9.521302531852983
consumption_pc_monthly,SC,944.4444444444445,9.567989656106873
consumption_pc_monthly,SC,948.5,9.578427928902421
consumption_pc_monthly,SC,948.8571428571429,9.78056036865568
consumption_pc_monthly,SC,950.0,9.79651451804553
consumption_pc_monthly,SC,952.4285714285714,9.848705882023271
consumption_pc_monthly,SC,954.2,9.85359336761316
consumption_pc_monthly,SC,957.1428571428571,9.854136343988456
consumption_pc_monthly,SC,960.0,10.21952243931445
consumption_pc_monthly,SC,961.8571428571429,10.418949306687589
consumption_pc_monthly,SC,965.0,10.439162550662914
consumption_pc_monthly,SC,966.6666666666666,10.463146140664726
consumption_pc_monthly,SC,966.7,10.47505065913724
consumption_pc_monthly,SC,970.6,10.677183098890497
consumption_pc_monthly,SC,976.6666666666666,10.74395546154474
consumption_pc_monthly,SC,977.7777777777778,10.746527209914657
consumption_pc_monthly,SC,979.25,11.080953411402795
consumption_pc_monthly,SC,980.0,11.106851732068797
consumption_pc_monthly,SC,984.25,11.109179106159221
consumption_pc_monthly,SC,991.6,11.43232918017926
consumption_pc_monthly,SC,992.75,11.43320194546317
consumption_pc_monthly,SC,993.75,11.840533140333815
consumption_pc_monthly,SC,995.375,11.85624780292976
consumption_pc_monthly,SC,1000.0,19.12870766460563
consumption_pc_monthly,SC,1000.2857142857143,19.1294815164907
consumption_pc_monthly,SC,1001.6,19.19625387914494
consumption_pc_monthly,SC,1001.6666666666666,19.429631316062128
consumption_pc_monthly,SC,1003.4,19.52648498883509
consumption_pc_monthly,SC,1004.1666666666666,19.52860289925738
consumption_pc_monthly,SC,1005.0,19.52911492155727
consumption_pc_monthly,SC,1007.1428571428571,19.681232092107333
consumption_pc_monthly,SC,1008.3333333333334,19.83945280120953
consumption_pc_monthly,SC,1011.1111111111111,19.846068362061555
consumption_pc_monthly,SC,1016.6,20.59464496450528
consumption_pc_monthly,SC,1016.6666666666666,20.746762135055345
consumption_pc_monthly,SC,1018.75,20.78700243307876
consumption_pc_monthly,SC,1020.0,21.63238034237841
consumption_pc_monthly,SC,1020.375,21.63911809037019
consumption_pc_monthly,SC,1028.5714285714287,21.89286005057858
consumption_pc_monthly,SC,1031.25,21.954768201383835
consumption_pc_monthly,SC,1038.4615384615386,21.990051192594652
consumption_pc_monthly,SC,1041.625,22.12770559507201
consumption_pc_monthly,SC,1045.0,22.261471420919083
consumption_pc_monthly,SC,1046.7,22.263798795009507
consumption_pc_monthly,SC,1047.1666666666667,22.264520280977536
consumption_pc_monthly,SC,1048.2,22.30456973432554
consumption_pc_monthly,SC,1050.0,22.472460682773445
consumption_pc_monthly,SC,1050.4285714285713,22.478884235263013
consumption_pc_monthly,SC,1053.0,22.54079238606827
consumption_pc_monthly,SC,1053.4,22.55650704866422
consumption_pc_monthly,SC,1056.888888888889,22.68085864631553
consumption_pc_monthly,SC,1057.142857142857,22.702130845501998
consumption_pc_monthly,SC,1062.5,22.83220778341575
consumption_pc_monthly,SC,1065.7142857142858,22.860019903796307
consumption_pc_monthly,SC,1066.6666666666667,22.97744756352861
consumption_pc_monthly,SC,1068.4,23.83836069488184
consumption_pc_monthly,SC,1069.0,24.509284460798593
consumption_pc_monthly,SC,1070.75,24.680381367056054
consumption_pc_monthly,SC,1071.4285714285713,24.748381419542994
consumption_pc_monthly,SC,1073.4,24.757483081398412
consumption_pc_monthly,SC,1075.0,24.858985683916995
consumption_pc_monthly,SC,1076.857142857143,24.865304504572492
consumption_pc_monthly,SC,1081.0,25.032439056441014
consumption_pc_monthly,SC,1083.3333333333333,25.691010982585084
consumption_pc_monthly,SC,1083.4,26.0093783028493
consumption_pc_monthly,SC,1088.8333333333333,26.044641045905532
consumption_pc_monthly,SC,1090.909090909091,26.301210765633787
consumption_pc_monthly,SC,1093.75,26.438865168111143
consumption_pc_monthly,SC,1096.75,26.478914621459143
consumption_pc_monthly,SC,1098.4545454545455,26.47945759783444
consumption_pc_monthly,SC,1100.0,27.692606462690545
consumption_pc_monthly,SC,1100.2,27.739351771296693
consumption_pc_monthly,SC,1102.0,28.04265516276065
consumption_pc_monthly,SC,1110.7142857142858,28.08289546078407
consumption_pc_monthly,SC,1111.111111111111,28.08320965628627
consumption_pc_monthly,SC,1112.5,28.273879778644194
consumption_pc_monthly,SC,1113.8333333333333,28.278906906679506
consumption_pc_monthly,SC,1114.2857142857142,28.2794189289794
consumption_pc_monthly,SC,1120.0,28.297421167568825
consumption_pc_monthly,SC,1121.0,28.46851807382629
consumption_pc_monthly,SC,1125.0,28.82387900525778
consumption_pc_monthly,SC,1127.0,29.01545680351097
consumption_pc_monthly,SC,1130.0,29.349883004999107
consumption_pc_monthly,SC,1131.6,29.696603560119904
consumption_pc_monthly,SC,1133.3333333333333,29.697476325403816
consumption_pc_monthly,SC,1133.5555555555557,29.699803699494236
consumption_pc_monthly,SC,1139.0,30.09793012983726
consumption_pc_monthly,SC,1139.5454545454545,30.117061144860536
consumption_pc_monthly,SC,1140.0,30.165586894645855
consumption_pc_monthly,SC,1141.75,30.261765628932597
consumption_pc_monthly,SC,1142.857142857143,30.51022631185501
consumption_pc_monthly,SC,1145.7142857142858,30.618158285298385
consumption_pc_monthly,SC,1145.75,30.619031050582297
consumption_pc_monthly,SC,1146.6,30.63059344506352
consumption_pc_monthly,SC,1149.5,30.653861367532524
consumption_pc_monthly,SC,1150.0,31.504283860173178
consumption_pc_monthly,SC,1152.0,31.506611234263598
consumption_pc_monthly,SC,1154.7142857142858,31.75380163640745
consumption_pc_monthly,SC,1155.5,32.03518116393961
consumption_pc_monthly,SC,1160.0,32.04664348133495
consumption_pc_monthly,SC,1160.5,32.308542887730276
consumption_pc_monthly,SC,1163.375,32.517622539143446
consumption_pc_monthly,SC,1164.0,32.53970931926156
consumption_pc_monthly,SC,1166.0,33.40062245061479
consumption_pc_monthly,SC,1166.6,33.401000648904486
consumption_pc_monthly,SC,1166.6666666666667,35.12539865998085
consumption_pc_monthly,SC,1172.0,35.15321078036141
consumption_pc_monthly,SC,1175.875,35.294598756354624
consumption_pc_monthly,SC,1177.0,35.558889539627856
consumption_pc_monthly,SC,1180.0,35.71023867672808
consumption_pc_monthly,SC,1185.2222222222222,35.99411431297222
consumption_pc_monthly,SC,1187.5,36.072284990234316
consumption_pc_monthly,SC,1190.0,36.244510672925635
consumption_pc_monthly,SC,1192.0,36.246838047016055
consumption_pc_monthly,SC,1193.4,36.61444678459841
consumption_pc_monthly,SC,1194.0,36.61875242666569
consumption_pc_monthly,SC,1197.5,36.64975304955012
consumption_pc_monthly,SC,1200.0,40.4662809273746
consumption_pc_monthly,SC,1201.6,41.00198425863776
consumption_pc_monthly,SC,1203.5714285714287,41.009119987599
consumption_pc_monthly,SC,1204.0,41.016102109870275
consumption_pc_monthly,SC,1206.0,41.04576844918867
consumption_pc_monthly,SC,1206.25,41.051103954290966
consumption_pc_monthly,SC,1207.5,41.22332963698228
consumption_pc_monthly,SC,1208.25,41.493886874993976
consumption_pc_monthly,SC,1208.3333333333333,41.60530990957299
consumption_pc_monthly,SC,1208.375,41.611855649202305
consumption_pc_monthly,SC,1210.0,41.61456122158242
consumption_pc_monthly,SC,1210.6,41.703839291691054
consumption_pc_monthly,SC,1214.2857142857142,41.829517492573906
consumption_pc_monthly,SC,1219.1666666666667,41.9753449346446
consumption_pc_monthly,SC,1220.75,42.05181662882069
consumption_pc_monthly,SC,1221.857142857143,42.05705322052414
consumption_pc_monthly,SC,1225.0,42.091265619653356
consumption_pc_monthly,SC,1232.6,42.115969299198746
consumption_pc_monthly,SC,1233.3,42.12938265429408
consumption_pc_monthly,SC,1233.3333333333333,42.291175882625076
consumption_pc_monthly,SC,1240.0,42.29779144347711
consumption_pc_monthly,SC,1241.6666666666667,42.31830142764896
consumption_pc_monthly,SC,1245.8,42.48543597951748
consumption_pc_monthly,SC,1246.6666666666667,42.51510231883588
consumption_pc_monthly,SC,1247.0,42.567328593424975
consumption_pc_monthly,SC,1250.0,47.20733472130787
consumption_pc_monthly,SC,1253.3333333333333,47.28489446287122
consumption_pc_monthly,SC,1253.8,47.35558845086783
consumption_pc_monthly,SC,1256.75,47.39371083846896
consumption_pc_monthly,SC,1259.5714285714287,47.426910829868845
consumption_pc_monthly,SC,1260.8,47.54708479102785
consumption_pc_monthly,SC,1262.5,48.30384211339941
consumption_pc_monthly,SC,1263.8333333333333,48.30458687310835
consumption_pc_monthly,SC,1265.0,48.33558749599278
consumption_pc_monthly,SC,1266.6,48.653954816257
consumption_pc_monthly,SC,1266.6666666666667,48.656898944481384
consumption_pc_monthly,SC,1270.75,48.65727714277108
consumption_pc_monthly,SC,1270.875,48.848854941024264
consumption_pc_monthly,SC,1272.2222222222222,48.858883130505085
consumption_pc_monthly,SC,1279.2,48.92453835359592
consumption_pc_monthly,SC,1280.25,48.92541111887983
consumption_pc_monthly,SC,1283.3333333333333,49.064425173300805
consumption_pc_monthly,SC,1283.4,49.39086382691061
consumption_pc_monthly,SC,1284.25,49.44305519088835
consumption_pc_monthly,SC,1285.7142857142858,50.167213682587594
consumption_pc_monthly,SC,1287.5,50.16866829139411
consumption_pc_monthly,SC,1293.4,50.43295907466735
consumption_pc_monthly,SC,1293.6666666666667,50.55555350488039
consumption_pc_monthly,SC,1297.5714285714287,50.560440990470276
consumption_pc_monthly,SC,1300.0,51.96035115289944
consumption_pc_monthly,SC,1301.857142857143,51.98242629614711
consumption_pc_monthly,SC,1302.8333333333333,52.011855941520516
consumption_pc_monthly,SC,1303.4,52.15950455381696
consumption_pc_monthly,SC,1304.7142857142858,52.54910697655381
consumption_pc_monthly,SC,1305.5,52.715589863677
consumption_pc_monthly,SC,1306.6,53.051429944925076
consumption_pc_monthly,SC,1310.5,53.202674350191224
consumption_pc_monthly,SC,1312.5,53.207561835781114
consumption_pc_monthly,SC,1315.4,53.214675920163316
consumption_pc_monthly,SC,1320.0,53.21997069621902
consumption_pc_monthly,SC,1321.4285714285713,53.45415107719741
consumption_pc_monthly,SC,1321.75,53.698071518744214
consumption_pc_monthly,SC,1321.7777777777778,53.702307339588785
consumption_pc_monthly,SC,1329.1666666666667,53.80213423276226
consumption_pc_monthly,SC,1333.2857142857142,53.83442654826689
consumption_pc_monthly,SC,1333.3333333333333,56.345488638776764
consumption_pc_monthly,SC,1337.5,56.370192318322154
consumption_pc_monthly,SC,1338.3333333333333,56.58489257816369
consumption_pc_monthly,SC,1338.8333333333333,56.59679709663621
consumption_pc_monthly,SC,1339.1666666666667,56.7408150053516
consumption_pc_monthly,SC,1341.6666666666667,57.13041742808844
consumption_pc_monthly,SC,1344.5,57.13951908994386
consumption_pc_monthly,SC,1345.3333333333333,57.139984564761946
consumption_pc_monthly,SC,1347.2222222222222,57.15096511572057
consumption_pc_monthly,SC,1350.0,57.16147320973882
consumption_pc_monthly,SC,1352.5,57.19065848083274
consumption_pc_monthly,SC,1353.6666666666667,57.83544583571404
consumption_pc_monthly,SC,1356.7,57.99463822349898
consumption_pc_monthly,SC,1357.142857142857,58.01266373582931
consumption_pc_monthly,SC,1357.5,58.04366435871374
consumption_pc_monthly,SC,1361.1666666666667,58.108016252313945
consumption_pc_monthly,SC,1362.5,58.112321894381225
consumption_pc_monthly,SC,1363.0,58.34483238444973
consumption_pc_monthly,SC,1363.4,58.36382375702759
consumption_pc_monthly,SC,1363.6363636363637,58.47856329968545
consumption_pc_monthly,SC,1363.8333333333333,58.49012569416667
consumption_pc_monthly,SC,1369.0,58.49087045387561
consumption_pc_monthly,SC,1370.0,58.60775118069667
consumption_pc_monthly,SC,1371.4285714285713,58.61880620762617
consumption_pc_monthly,SC,1372.3333333333333,58.6381699600585
consumption_pc_monthly,SC,1374.0,58.66729006467787
consumption_pc_monthly,SC,1375.0,58.90510231292435
consumption_pc_monthly,SC,1380.0,59.277877820987435
consumption_pc_monthly,SC,1383.25,59.278506211991846
consumption_pc_monthly,SC,1387.5,59.28445265279287
consumption_pc_monthly,SC,1391.75,59.65206139037522
consumption_pc_monthly,SC,1392.857142857143,59.72739383493404
consumption_pc_monthly,SC,1393.1818181818182,59.7443778473589
consumption_pc_monthly,SC,1400.0,61.31750608479153
consumption_pc_monthly,SC,1403.4,61.31788428308123
consumption_pc_monthly,SC,1405.6666666666667,61.320828411305605
consumption_pc_monthly,SC,1406.5,61.32781053357688
consumption_pc_monthly,SC,1406.6,61.465464936054225
consumption_pc_monthly,SC,1408.2857142857142,61.46758284647651
consumption_pc_monthly,SC,1410.0,61.566379876614974
consumption_pc_monthly,SC,1411.111111111111,61.5706040605891
consumption_pc_monthly,SC,1413.8333333333333,61.90644414183717
consumption_pc_monthly,SC,1416.5,62.07457364612934
consumption_pc_monthly,SC,1416.6666666666667,62.235441743259386
consumption_pc_monthly,SC,1418.1818181818182,62.25389200136122
consumption_pc_monthly,SC,1419.0,62.69752441360724
consumption_pc_monthly,SC,1420.25,62.91103771266266
consumption_pc_monthly,SC,1421.6,63.28623368977979
consumption_pc_monthly,SC,1428.5714285714287,64.24848836936454
consumption_pc_monthly,SC,1429.125,64.27171276993806
consumption_pc_monthly,SC,1435.0,64.27694936164151
consumption_pc_monthly,SC,1438.4,64.31221210469774
consumption_pc_monthly,SC,1440.0,64.45983162481805
consumption_pc_monthly,SC,1440.4285714285713,64.50003515033085
consumption_pc_monthly,SC,1444.3333333333333,64.50111737928289
consumption_pc_monthly,SC,1448.0,64.6977455793123
consumption_pc_monthly,SC,1450.0,64.7489012618198
consumption_pc_monthly,SC,1454.5454545454545,64.7608057802923
consumption_pc_monthly,SC,1458.5,65.10866674871741
consumption_pc_monthly,SC,1461.1666666666667,65.11396152477312
consumption_pc_monthly,SC,1463.4,65.11458991577753
consumption_pc_monthly,SC,1466.6666666666667,65.18367219721652
consumption_pc_monthly,SC,1466.7142857142858,65.2291723606843
consumption_pc_monthly,SC,1466.857142857143,65.37056033667751
consumption_pc_monthly,SC,1467.857142857143,65.37966036937107
consumption_pc_monthly,SC,1471.6,65.49292784791673
consumption_pc_monthly,SC,1473.4,65.49519703765489
consumption_pc_monthly,SC,1475.0,65.53982746142508
consumption_pc_monthly,SC,1477.8333333333333,65.61074254996028
consumption_pc_monthly,SC,1480.0,65.61137094096469
consumption_pc_monthly,SC,1481.5,65.735722538616
consumption_pc_monthly,SC,1483.3333333333333,65.74074966665133
consumption_pc_monthly,SC,1485.4,65.81830940821467
consumption_pc_monthly,SC,1486.1666666666667,65.87853021280438
consumption_pc_monthly,SC,1487.5,65.89698047090621
consumption_pc_monthly,SC,1491.5,66.41371570333241
consumption_pc_monthly,SC,1495.4,66.42943036592837
consumption_pc_monthly,SC,1496.4,66.63851001734153
consumption_pc_monthly,SC,1500.0,75.71019575994978
consumption_pc_monthly,SC,1502.8333333333333,75.72606845124646
consumption_pc_monthly,SC,1504.25,75.73136322730217
consumption_pc_monthly,SC,1506.25,75.73174142559186
consumption_pc_monthly,SC,1506.6,75.73659004403444
consumption_pc_monthly,SC,1507.5454545454545,75.74518573476261
consumption_pc_monthly,SC,1508.25,75.98585948945328
consumption_pc_monthly,SC,1510.375,75.99045605328186
consumption_pc_monthly,SC,1512.5,76.05891576215166
consumption_pc_monthly,SC,1513.8333333333333,76.11637281000898
consumption_pc_monthly,SC,1516.6666666666667,76.12067845207626
consumption_pc_monthly,SC,1520.0,76.16457272742164
consumption_pc_monthly,SC,1522.1666666666667,76.65970992828873
consumption_pc_monthly,SC,1523.857142857143,76.66473705632406
consumption_pc_monthly,SC,1526.6666666666667,76.67383871817947
consumption_pc_monthly,SC,1529.25,77.07866216746768
consumption_pc_monthly,SC,1532.875,77.08217650234423
consumption_pc_monthly,SC,1533.3333333333333,77.1124498208254
consumption_pc_monthly,SC,1536.0,77.13181357325773
consumption_pc_monthly,SC,1537.5,77.14279412421634
consumption_pc_monthly,SC,1538.4615384615386,77.17700373049665
consumption_pc_monthly,SC,1541.6666666666667,77.46524319316033
consumption_pc_monthly,SC,1544.3333333333333,77.51206833069779
consumption_pc_monthly,SC,1550.0,77.53007056928722
consumption_pc_monthly,SC,1552.0,77.57027409480001
consumption_pc_monthly,SC,1554.0,77.64783383636336
consumption_pc_monthly,SC,1554.1666666666667,77.65175546170572
consumption_pc_monthly,SC,1554.25,77.67497986227923
consumption_pc_monthly,SC,1557.857142857143,77.68408152413465
consumption_pc_monthly,SC,1560.0,77.69050507662422
consumption_pc_monthly,SC,1562.5,78.23781036772813
consumption_pc_monthly,SC,1566.6,78.42899833082117
consumption_pc_monthly,SC,1566.6666666666667,78.88507055758052
consumption_pc_monthly,SC,1567.5,78.8896205739273
consumption_pc_monthly,SC,1571.4285714285713,78.90303392902264
consumption_pc_monthly,SC,1575.0,78.92465523432267
consumption_pc_monthly,SC,1579.0,78.92984527854432
consumption_pc_monthly,SC,1579.25,78.93915477490602
consumption_pc_monthly,SC,1580.0,78.96385845445141
consumption_pc_monthly,SC,1583.3333333333333,78.98547975975144
consumption_pc_monthly,SC,1585.0,79.22514110671277
consumption_pc_monthly,SC,1585.7142857142858,79.23612165767139
consumption_pc_monthly,SC,1600.0,81.54215861517102
consumption_pc_monthly,SC,1604.125,81.60528863737375
consumption_pc_monthly,SC,1608.3,81.75927352563139
consumption_pc_monthly,SC,1611.111111111111,81.7634977096055
consumption_pc_monthly,SC,1612.3333333333333,81.7676055248751
consumption_pc_monthly,SC,1616.5,81.76786153602504
consumption_pc_monthly,SC,1619.0,81.93805076638724
consumption_pc_monthly,SC,1620.0,81.98118864515324
consumption_pc_monthly,SC,1625.0,82.33237194009241
consumption_pc_monthly,SC,1629.25,82.3372594256823
consumption_pc_monthly,SC,1636.0,82.37201293928756
consumption_pc_monthly,SC,1638.888888888889,82.41221646480035
consumption_pc_monthly,SC,1646.6,82.42131812665576
consumption_pc_monthly,SC,1650.0,82.8884453803446
consumption_pc_monthly,SC,1663.8333333333333,82.89847356982543
consumption_pc_monthly,SC,1666.5,82.903322188268
consumption_pc_monthly,SC,1666.6666666666667,84.59911584082343
consumption_pc_monthly,SC,1670.0,84.66486415887789
consumption_pc_monthly,SC,1675.0,84.68286639746732
consumption_pc_monthly,SC,1680.5,84.88447517805022
consumption_pc_monthly,SC,1680.6666666666667,84.91812900739775
consumption_pc_monthly,SC,1700.0,85.37367757498674
consumption_pc_monthly,SC,1710.0,85.38277923684215
consumption_pc_monthly,SC,1714.2857142857142,85.38535098521207
consumption_pc_monthly,SC,1719.0,85.38560699636201
consumption_pc_monthly,SC,1725.0,85.8807441972291
consumption_pc_monthly,SC,1726.0,85.88921583891825
consumption_pc_monthly,SC,1732.6666666666667,85.97849390902688
consumption_pc_monthly,SC,1733.25,86.20826973453914
consumption_pc_monthly,SC,1733.4,86.35896720689405
consumption_pc_monthly,SC,1748.0,86.61557765566889
consumption_pc_monthly,SC,1750.0,88.0568224474188
consumption_pc_monthly,SC,1760.0,88.21049895860943
consumption_pc_monthly,SC,1763.8333333333333,88.21573555031289
consumption_pc_monthly,SC,1766.6666666666667,88.21927711546628
consumption_pc_monthly,SC,1771.0,88.40296511555295
consumption_pc_monthly,SC,1775.0,88.66486452194827
consumption_pc_monthly,SC,1780.0,88.67304524187611
consumption_pc_monthly,SC,1786.6,88.67768346570092
consumption_pc_monthly,SC,1790.0,88.68222184517724
consumption_pc_monthly,SC,1791.75,88.71748458823348
consumption_pc_monthly,SC,1800.0,89.29997302619972
consumption_pc_monthly,SC,1825.0,89.30084579148362
consumption_pc_monthly,SC,1833.3333333333333,89.42247436144915
consumption_pc_monthly,SC,1837.5,89.45214070076754
consumption_pc_monthly,SC,1840.0,89.57216338261067
consumption_pc_monthly,SC,1856.0,89.5736878126399
consumption_pc_monthly,SC,1864.0,89.57892440434335
consumption_pc_monthly,SC,1875.0,90.41106537350372
consumption_pc_monthly,SC,1878.8333333333333,90.47672059659456
consumption_pc_monthly,SC,1889.0,90.54514143831706
consumption_pc_monthly,SC,1897.3333333333333,90.98877385056308
consumption_pc_monthly,SC,1900.0,91.04182634295428
consumption_pc_monthly,SC,1905.6666666666667,91.40234822643129
consumption_pc_monthly,SC,1908.5,91.40306971239931
consumption_pc_monthly,SC,1921.0,91.4079571979892
consumption_pc_monthly,SC,1925.0,91.42640745609104
consumption_pc_monthly,SC,1936.0,92.0169495393598
consumption_pc_monthly,SC,1937.5,92.02793009031842
consumption_pc_monthly,SC,1941.7,92.03703012301197
consumption_pc_monthly,SC,1944.3333333333333,92.34185794450515
consumption_pc_monthly,SC,1950.0,92.5958791896044
consumption_pc_monthly,SC,1972.1666666666667,92.6360827151172
consumption_pc_monthly,SC,1987.5,92.64015561977543
consumption_pc_monthly,SC,2000.0,96.29284543839307
consumption_pc_monthly,SC,2012.5,96.44408984365921
consumption_pc_monthly,SC,2033.4,96.60997157005487
consumption_pc_monthly,SC,2064.0,96.61530707515716
consumption_pc_monthly,SC,2075.0,96.64001075470256
consumption_pc_monthly,SC,2083.3333333333335,96.64489824029245
consumption_pc_monthly,SC,2100.0,96.65420773665414
consumption_pc_monthly,SC,2118.75,96.66892837777607
consumption_pc_monthly,SC,2125.0,96.71878654922816
consumption_pc_monthly,SC,2139.0,96.72381367726346
consumption_pc_monthly,SC,2166.6666666666665,96.73277406751161
consumption_pc_monthly,SC,2181.6,96.73364683279551
consumption_pc_monthly,SC,2200.0,97.07472350574704
consumption_pc_monthly,SC,2217.5555555555557,97.11492703125984
consumption_pc_monthly,SC,2233.5,97.1410227132487
consumption_pc_monthly,SC,2244.4444444444443,97.14596838319085
consumption_pc_monthly,SC,2250.0,97.25801701592538
consumption_pc_monthly,SC,2265.75,97.28272069547076
consumption_pc_monthly,SC,2306.5,97.45775086394104
consumption_pc_monthly,SC,2321.4285714285716,97.6005585381294
consumption_pc_monthly,SC,2333.3333333333335,97.81734179778189
consumption_pc_monthly,SC,2341.75,97.82662802040267
consumption_pc_monthly,SC,2391.75,98.49755178631942
consumption_pc_monthly,SC,2400.0,98.61837741222375
consumption_pc_monthly,SC,2500.0,99.49344097804675
consumption_pc_monthly,SC,2504.714285714286,99.49395300034664
consumption_pc_monthly,SC,2550.0,99.50398118982746
consumption_pc_monthly,SC,2583.285714285714,99.59285196947026
consumption_pc_monthly,SC,2650.0,99.61196552918786
consumption_pc_monthly,SC,2702.6666666666665,99.71989750263124
consumption_pc_monthly,SC,2712.5,99.72040952493113
consumption_pc_monthly,SC,2812.5,99.77594648916386
consumption_pc_monthly,SC,2870.875,99.77681925444777
consumption_pc_monthly,SC,3000.0,99.86690911263915
consumption_pc_monthly,SC,3008.0,99.9678706006817
consumption_pc_monthly,SC,3416.714285714286,99.9683826229816
consumption_pc_monthly,SC,4500.0,100.0
